RazaoSocial,UF,total_despesas,media_por_trimestre,desvio_padrao,qtd_registros,qtd_trimestres
BRADESCO SAÚDE S.A.,RJ,47154607705.880005,15718202568.626669,8330278647.062654,3,3
SUL AMERICA COMPANHIA DE SEGURO SAÚDE,RJ,39400096932.270004,13133365644.090002,6844536901.638963,3,3
AMIL ASSISTÊNCIA MÉDICA INTERNACIONAL S.A.,SP,32679167175.29,10893055725.096666,5600243908.083355,3,3
HAPVIDA ASSISTENCIA MEDICA S.A.,CE,15317813951.59,5105937983.863334,2766845198.8938713,3,3
NOTRE DAME INTERMÉDICA SAÚDE S.A.,SP,15174546027.17,5058182009.056666,2718799412.6887264,3,3
CAIXA DE ASSISTÊNCIA DOS FUNCIONÁRIOS DO BANCO DO BRASIL,DF,11592185644.74,3864061881.58,2055830940.9926503,3,3
UNIMED NACIONAL - COOPERATIVA CENTRAL,SP,9723820892.599998,3241273630.8666663,1637885137.3262804,3,3
PREVENT SENIOR PRIVATE OPERADORA DE SAÚDE LTDA,SP,8759734071.93,2919911357.31,1508009194.9935088,3,3
PORTO SEGURO - SEGURO SAÚDE S/A,SP,8739538873.779999,2913179624.593333,1607535785.8402398,3,3
UNIMED BELO HORIZONTE COOPERATIVA DE TRABALHO MÉDICO,MG,8351300542.32,2783766847.44,1477064378.2508235,3,3
UNIMED SEGUROS SAÚDE S/A,SP,7733427563.309999,2577809187.77,1386174791.193456,3,3
GEAP AUTOGESTÃO EM SAÚDE,DF,7213534469.92,2404511489.9733334,1210286326.2682111,3,3
UNIMED DO EST. DO RJ FEDERAÇÃO EST. DAS COOPERATIVAS MÉDICAS,RJ,7195172896.059999,2398390965.353333,1214169446.8604941,3,3
UNIMED PORTO ALEGRE - COOPERATIVA MÉDICA LTDA.,RS,5452448100.02,1817482700.006667,977799711.2857134,3,3
UNIMED CURITIBA - SOCIEDADE COOPERATIVA DE MÉDICOS,PR,4783277070.200001,1594425690.0666668,858027610.8432336,3,3
UNIMED CAMPINAS - COOPERATIVA DE TRABALHO MÉDICO,SP,4669129311.110001,1556376437.0366669,825696939.3273758,3,3
UNIMED DE FORTALEZA SOCIEDADE COOPERATIVA MÉDICA LTDA.,CE,3922236159.97,1307412053.3233333,683339704.229526,3,3
UNIMED GOIANIA COOPERATIVA DE TRABALHO MÉDICO,GO,3730177870.69,1243392623.5633333,634459845.7938724,3,3
OMINT SERVIÇOS DE SAÚDE S.A.,SP,3596892721.0299997,1198964240.3433332,652051682.8610498,3,3
CARE PLUS MEDICINA ASSISTENCIAL LTDA.,SP,3444809686.7200003,1148269895.5733335,623504943.7288557,3,3
FUNDAÇÃO SAÚDE ITAÚ,MG,3314246863.81,1104748954.6033332,586062118.5596441,3,3
GRUPO HOSPITALAR DO RIO DE JANEIRO LTDA,RJ,3105875545.9900002,1035291848.6633334,544115610.4571726,3,3
SERV  SOCIAL AUTÔNOMO DE ASSIST À SAÚDE DOS SERV PÚBLICOS E MILITARES DE GOIÁS,GO,2997666902.48,1498833451.24,426637650.68661094,2,2
UNIMED VITORIA COOPERATIVA DE TRABALHO MEDICO,ES,2842271289.05,947423763.0166668,501871648.83658326,3,3
FUNDAÇÃO CESP,SP,2353434477.99,784478159.3299999,420599968.48727584,3,3
SAMEDIL SERVIÇOS DE ATENDIMENTO MÉDICO S/A,ES,2298759034.62,766253011.54,433197658.6361275,3,3
UNIMED BELÉM COOPERATIVA DE TRABALHO MÉDICO,PA,2271116291.76,757038763.9200001,381355872.63286275,3,3
UNIMED RECIFE COOPERATIVA DE TRABALHO MÉDICO,PE,2162262522.53,720754174.1766667,375954749.74289805,3,3
FUNDAÇÃO ASSISTENCIAL DOS SERVIDORES DO MINISTÉRIO DA FAZENDA,DF,2021549421.69,673849807.23,336445381.7277955,3,3
UNIMED CUIABA COOPERATIVA DE TRABALHO MÉDICO,MT,1974863720.15,658287906.7166667,336462846.1927427,3,3
UNIMED SAO JOSÉ DO RIO PRETO - COOP. DE TRABALHO MÉDICO,SP,1904881373.92,634960457.9733334,340174330.1847107,3,3
UNIMED DO ESTADO DE SÃO PAULO - FEDERAÇÃO ESTADUAL DAS COOP. MÉDICAS,SP,1876610842.27,625536947.4233333,306818226.48462915,3,3
UNIMED GRANDE FLORIANÓPOLIS-COOPERATIVA DE TRABALHO MEDICO,SC,1808827235.93,602942411.9766667,326211597.7585045,3,3
CAIXA BENEFICENTE DOS FUNCIONARIOS DO BANCO DO ESTADO DE SÃO PAULO,SP,1733576377.37,577858792.4566666,313760194.23819584,3,3
UNIMED NATAL SOC. COOP. DE TRAB. MÉDICO,RN,1702843962.65,567614654.2166667,294859505.14040655,3,3
UNIMED SOROCABA COOPERATIVA DE TRABALHO MÉDICO,SP,1680716854.37,560238951.4566666,300027631.51822543,3,3
UNIMED SERRA GAUCHA/RS COOPERATIVA DE ASSISTENCIA A SAUDE LTDA,RS,1530280180.2600002,510093393.4200001,275769698.5154907,3,3
UNIMED JOAO PESSOA - COOPERATIVA DE TRABALHO MÉDICO,PB,1524615238.63,508205079.54333335,265338623.66407463,3,3
UNIMED MACEIO COOPERATIVA DE TRABALHO MÉDICO,AL,1524030798.89,508010266.2966667,256767380.99993095,3,3
UNIMED DE LONDRINA COOPERATIVA DE TRABALHO MÉDICO,PR,1522446041.46,507482013.82,261944359.04974622,3,3
HUMANA SAÚDE NORDESTE LTDA.,PI,1504664834.17,501554944.72333336,260900211.09218493,3,3
UNIMED-SÃO GONÇALO - NITERÓI - SOC.COOP.SERV.MED E HOSP LTDA,RJ,1396213529.4,465404509.8,241677080.51589715,3,3
NOTRE DAME INTERMÉDICA MINAS GERAIS SAÚDE S.A.,CE,1384493286.79,461497762.2633333,242301309.92705655,3,3
CAIXA DE ASSISTENCIA DOS SERVIDORES DO ESTADO DE MATO GROSSO DO SUL,MS,1359866685.69,453288895.23,230811603.8572735,3,3
SANTA HELENA ASSISTÊNCIA MÉDICA S/A.,SP,1315150207.02,438383402.34,228431422.77487898,3,3
UNIMED DE SANTOS COOP DE TRAB MEDICO,SP,1284508812.28,428169604.0933333,227003214.67036432,3,3
UNIMED CAMPO GRANDE MS COOPERATIVA DE TRABALHO MÉDICO,MS,1272485846.05,424161948.68333334,219232363.79265916,3,3
UNIMED DE RIBEIRAO PRETO - COOPERATIVA DE TRABALHO MÉDICO,SP,1204249637.5500002,401416545.8500001,212007854.7311871,3,3
CENTRO TRASMONTANO DE SAO PAULO,SP,1199114247.73,399704749.24333334,208904344.1533708,3,3
UNIMED REGIONAL MARINGÁ COOP.DE TRABALHO MÉDICO,PR,1177434966.35,392478322.1166666,207399538.60909924,3,3
SAMP ESPIRITO SANTO ASSISTENCIA MEDICA SA,ES,1142063741.29,380687913.7633333,200070328.2530538,3,3
CLINIPAM CLINICA PARANAENSE DE ASSISTENCIA MEDICA LTDA,CE,1094087166.5500002,364695722.1833334,196572714.0013956,3,3
UNIMED BLUMENAU - COOPERATIVA DE TRABALHO MEDICO,SC,1061860967.91,353953655.96999997,190881841.42513588,3,3
ODONTOPREV S/A,SP,1058171543.8599999,352723847.9533333,192304677.551131,3,3
UNIMED UBERLÂNDIA COOPERATIVA REGIONAL TRABALHO MÉDICO LTDA,MG,1058019416.71,352673138.90333337,174890120.69201705,3,3
ASSOCIAÇÃO DE BENEFICÊNCIA E FILANTROPIA SÃO CRISTOVÃO,SP,1027858141.54,342619380.5133333,173415390.06531677,3,3
FUNDAÇÃO SÃO FRANCISCO XAVIER,MG,1005548503.03,335182834.3433333,180006589.66776612,3,3
UNIMED DO ESTADO DO PARANÁ FEDERAÇÃO ESTADUAL DAS COOPERATIVAS MÉDICAS,PR,974680709.61,324893569.87,173381134.9641469,3,3
UNIMED SAO JOSE DOS CAMPOS - COOPERATIVA DE TRABALHO MEDICO,SP,970574962.49,323524987.49666667,168818264.68537083,3,3
UNIMED DE PIRACICABA SOCIEDADE COOPERATIVA DE SERVIÇOS MÉDICOS,SP,942754820.98,314251606.99333334,164021410.41817433,3,3
UNIMED DO ESTADO DE SANTA CATARINA FED. EST. DAS COOP. MÉD.,SC,905624733.9200001,301874911.3066667,161612188.60438266,3,3
UNIMED DE JOINVILLE COOPERATIVA DE TRABALHO MÉDICO,SC,879991826.36,293330608.7866667,154008352.0736508,3,3
UNIMED - COOPERATIVA DE SERVIÇOS DE SAÚDE DOS VALES DO TAQUARI E RIO PARDO LTDA.,RS,869193980.36,289731326.7866667,155032910.39403942,3,3
UNIMED DIVINOPOLIS - COOPERATIVA DE TRABALHO MEDICO LTDA,MG,865255821.59,288418607.19666666,158974823.57748616,3,3
UNIMED TERESINA - COOPERATIVA DE TRABALHO MÉDICO,PI,848645312.5999999,282881770.8666666,149922130.3804032,3,3
CEMIG SAÚDE,MG,844712588.6600001,281570862.8866667,141323032.98140717,3,3
SINDIFISCO NACIONAL - SINDICATO NACIONAL DOS AUDITORES-FISCAIS DA RECEITA FEDERAL DO BRASIL,DF,838598655.26,279532885.08666664,136185857.57442823,3,3
UNIMED SERGIPE - COOPERATIVA DE TRABALHO MÉDICO,SE,818437626.9300001,272812542.31,132527263.54023668,3,3
UNIMED JUIZ DE FORA COOPERATIVA DE TRABALHO MÉDICO LTDA,MG,797095334.96,265698444.98666668,138853619.87007612,3,3
UNIMED DE BAURU COOPERATIVA DE TRABALHO MÉDICO,SP,774971342.09,258323780.6966667,137452483.50546554,3,3
UNIMED LITORAL COOPERATIVA DE TRABALHO MÉDICO LTDA,SC,769673576.3,256557858.76666665,139229869.2146415,3,3
UNIMED SÃO CARLOS - COOPERATIVA DE TRABALHO MÉDICO,SP,765559934.97,255186644.99,131695444.72593988,3,3
UNIMED DE CASCAVEL COOPERATIVA DE TRABALHO MÉDICO,PR,756063225.85,252021075.28333333,132632078.92091553,3,3
ASSOCIAÇÃO SANTA CASA SAÚDE DE SÃO JOSÉ DOS CAMPOS,SP,732062004.21,244020668.07000002,127069908.71493627,3,3
PLANO HOSPITAL SAMARITANO LTDA,SP,714003894.24,238001298.08,121234524.73627417,3,3
UNIMED DE PRESIDENTE PRUDENTE COOPERATIVA DE TRAB. MÉDICO,SP,694717853.8799999,231572617.95999995,128930034.15850097,3,3
PASA - PLANO DE ASSISTENCIA A SAUDE DO APOSENTADO DA VALE,RJ,685221796.5600001,228407265.52,124693825.81008407,3,3
UNIMED JUNDIAI - COOPERATIVA DE TRABALHO MÉDICO,SP,675903366.77,225301122.25666666,122981572.71392664,3,3
UNIMED CARUARU-COOPERATIVA DE TRABALHO MEDICO,PE,652132287.08,217377429.02666667,113684212.42387511,3,3
UNIMED DE MACAÉ COOPERATIVA DE ASSISTÊNCIA À SAÚDE,RJ,649752984.14,216584328.04666665,119136867.41646458,3,3
ALICE OPERADORA LTDA.,SP,645975320.35,215325106.78333333,130004644.85125823,3,3
UNIMED DE VOLTA REDONDA COOPERATIVA DE TRABALHO MÉDICO,RJ,631979890.62,210659963.54,108276906.89087225,3,3
UNIMED VALE DO SINOS - COOPERATIVA DE ASSISTÊNCIA À SAÚDE LTDA,RS,630961521.34,210320507.11333334,112299573.7246079,3,3
INSTITUTO CURITIBA DE SAÚDE,PR,627197346.31,209065782.10333332,114226111.90373772,3,3
CAIXA DE ASSISTÊNCIA DOS FUNCIONÁRIOS DO BANCO DO NORDESTE DO BRASIL,CE,616877899.77,205625966.59,112996599.64160061,3,3
UNIMED NORTE DO MATO GROSSO COOPERATIVA DE TRABALHO MÉDICO,MT,615998077.25,205332692.41666666,111484947.00865342,3,3
UNIMED SUL CAPIXABA COOPERATIVA DE TRABALHO MÉDICO,ES,611939065.13,203979688.37666667,105605587.6906573,3,3
CENTRO CLÍNICO GAÚCHO LTDA,CE,611289899.3599999,203763299.78666663,107674174.97088952,3,3
UNIMED NOVA FRIBURGO-SOC.COOP.SERV.MED.HOSP.LTDA.,RJ,603252084.51,201084028.17,101563287.11591221,3,3
HUMANA SAÚDE LTDA.,PR,580840232.44,193613410.81333336,93650425.90087481,3,3
SAMEL PLANO DE SAÚDE LTDA,AM,575629968.56,191876656.18666664,100426825.14775775,3,3
UNIMED UBERABA COOPERATIVA DE TRABALHO MEDICO LTDA.,MG,572230857.18,190743619.05999997,98008778.67455465,3,3
SOBAM CENTRO MÉDICO HOSPITALAR S.A.,SP,569300730.14,189766910.04666665,94991268.08668683,3,3
LEVE SAUDE OPERADORA DE PLANOS DE SAUDE S.A,RJ,569173847.78,189724615.92666665,107450672.56836818,3,3
UNIMED VALE DO SÃO FRANCISCO COOPERATIVA DE TRABALHO MÉDICO,PE,566748301.89,188916100.63,97211022.5129372,3,3
UNIMED DE SANTA BÁRBARA D'OESTE E AMERICANA - COOP DE TRABALHO MÉDICO,SP,556208310.4000001,185402770.13333336,97004906.93920006,3,3
UNIMED NOVA IGUACU COOPERATIVA DE TRABALHO MEDICO,RJ,551764018.9000001,183921339.63333336,92329697.84471376,3,3
QUALLITY PRÓ SAÚDE PLANO DE ASSISTÊNCIA MÉDICA LTDA.,DF,539157005.51,179719001.83666667,88437660.9454335,3,3
UNIMED REGIONAL DA BAIXA MOGIANA - COOPERATIVA DE TRABALHO MÉDICO,SP,523417506.85,174472502.28333333,90370489.33002076,3,3
UNIMED FRANCA - SOCIEDADE COOPERATIVA DE SERVIÇOS MÉDICOS E HOSPITALARES,SP,520379977.59,173459992.53,92083030.71927647,3,3
UNIMED DE MARILIA COOPERATIVA DE TRABALHO MÉDICO,SP,519148556.78,173049518.92666665,91859738.51822607,3,3
UNIMED DE ARARAQUARA - COOP. DE TRAB. MÉDICO,SP,511967185.05,170655728.35,91125156.80822608,3,3
METRUS INSTITUTO DE SEGURIDADE SOCIAL,SP,511153924.0,170384641.33333334,76614119.38813125,3,3
FUNDAÇÃO COPEL DE PREVIDÊNCIA E ASSISTÊNCIA SOCIAL,PR,507224678.71000004,169074892.90333334,87036450.66211087,3,3
ASSOCIAÇÃO DE SAÚDE PORTUGUESA DE BENEFICÊNCIA,SP,501523115.58,167174371.85999998,87950752.4621455,3,3
ASSOCIACAO DOS AUDITORES FISCAIS DA RECEITA ESTADUAL DE SAO PAULO,SP,500683892.32,166894630.77333334,88181051.9222325,3,3
ITAUSEG SAÚDE S.A.,SP,499895074.05,166631691.35,84375085.87880927,3,3
UNIMED PONTA GROSSA COOPERATIVA DE TRABALHO MEDICO,PR,497148553.87,165716184.62333333,88243560.73871517,3,3
DOCTOR CLIN OPERADORA DE PLANOS DE SAÚDE LTDA.,RS,492296245.61,164098748.53666666,93801651.39883284,3,3
FUNDAÇÃO CHESF DE ASSISTÊNCIA E SEGURIDADE SOCIAL,PE,487900141.11,162633380.37,96640299.80238171,3,3
ASSOCIAÇÃO SANTA SAÚDE,SP,477925338.56,159308446.18666667,79573421.42198642,3,3
UNIMED DO CEARÁ - FEDERAÇÃO DAS SOCIEDADES COOPERATIVAS MÉDICAS DO ESTADO DO CEARÁ LTDA.,CE,475015644.4,158338548.13333333,84780409.47145692,3,3
UNIMED CAMPINA GRANDE - COOPERATIVA DE TRABALHO MEDICO LTDA,PB,473930600.38,157976866.79333332,83959507.05739039,3,3
REAL GRANDEZA - FUNDAÇÃO DE PREVIDÊNCIA E ASSISTÊNCIA SOCIAL,RJ,465458596.15,155152865.38333333,81894960.47500852,3,3
H.B. SAÚDE S/A.,SP,463063152.93,154354384.31,78391992.82613221,3,3
BENSAUDE PLANO DE ASSISTENCIA MEDICA HOSPITALAR LTDA.,SP,462616101.0,154205367.0,77199877.88480231,3,3
ALVORECER - ASSOCIAÇÃO DE SOCORROS MÚTUOS,SP,461260477.95,153753492.65,76605552.64226736,3,3
UNIMED DE CRICIÚMA COOPERATIVA DE TRABALHO MÉDICO DA REGIÃO CARBONÍFERA,SC,461186655.31,153728885.10333332,83820039.34945107,3,3
CAIXA DE PREVIDÊNCIA E ASSISTÊNCIA DOS SERVIDORES DA FUNDAÇÃO NACIONAL DE SAÚDE - CAPESESP,RJ,459398995.08000004,153132998.36,75371689.26890779,3,3
UNIMED GOVERNADOR VALADARES COOP. DE TRABALHO MÉDICO LTDA.,MG,448824563.52,149608187.84,79428454.99903612,3,3
COOPERATIVA CENTRAL UNIMED DE COOPERATIVAS DE ASSISTÊNCIA À SAÚDE DO RIO GRANDE DO SUL LTDA.,RS,443221179.87,147740393.29,78800384.83541414,3,3
"SERVIÇO SOCIAL DA INDÚSTRIA DO PAPEL, PAPELÃO E CORTIÇA DO ESTADO DE SÃO PAULO - SEPACO",SP,441027143.37,147009047.79,78838325.269152,3,3
COOPERATIVA DE TRABALHO MÉDICO DE POUSO ALEGRE,MG,439314368.90999997,146438122.97,78060296.79273486,3,3
PROMÉDICA - PROTEÇÃO MEDICA A EMPRESAS S.A.,BA,437058751.66999996,145686250.55666664,71779331.51662746,3,3
UNIMED SALTO/ITU - COOPERATIVA MÉDICA,SP,428243380.27,142747793.42333332,73433792.93760742,3,3
PLANO DE SAÚDE ANA COSTA LTDA.,SP,423134373.9,141044791.29999998,71339082.5232817,3,3
UNIMED PORTO VELHO - SOCIEDADE COOPERATIVA MÉDICA LTDA,RO,422429254.28999996,140809751.42999998,78231313.8220299,3,3
KLINI PLANOS DE SAÚDE LTDA,RJ,415692689.31,138564229.77,77858859.28827289,3,3
CIRCULO OPERARIO CAXIENSE,RS,407896329.7,135965443.23333332,70084642.42825127,3,3
UNIMED ANHANGUERA COOPERATIVA DE TRABALHO MÉDICO,SP,401398454.16,133799484.72000001,66917314.87973687,3,3
CAIXA DE ASSISTÊNCIA DOS EMPREGADOS DO BANCO DO ESTADO DO RIO GRANDE DO SUL,RS,399801677.41999996,133267225.80666666,73874654.08194906,3,3
UNIMED SANTA MARIA/RS - COOPERATIVA DE ASSISTÊNCIA À SAÚDE LTDA,RS,398381394.98,132793798.32666667,69676262.10743709,3,3
UNIMED DE CAMPOS COOPERATIVA DE TRABALHO MÉDICO,RJ,383450248.87,127816749.62333333,68508928.99750969,3,3
BIOVIDA SAÚDE LTDA.,SP,379404886.28999996,126468295.42999999,64166809.0860539,3,3
2CARE OPERADORA DE SAÚDE LTDA.,SP,376541573.07,125513857.69,63817996.7658798,3,3
AUSTACLINICAS ASSISTÊNCIA MÉDICA E HOSPITALAR LTDA,SP,375030592.0,125010197.33333333,66270434.73465467,3,3
CAIXA DE ASSISTÊNCIA À SAÚDE - CABERJ,RJ,372278464.67,124092821.55666667,65450485.127617635,3,3
UNIMED PATOS DE MINAS COOPERATIVA TRABALHO MÉDICO LTDA.,MG,368867851.36,122955950.45333333,64532449.251907684,3,3
UNIMED RONDONOPOLIS COOPERATIVA DE TRABALHO MÉDICO LTDA,MT,367322420.42,122440806.80666667,64147777.39208398,3,3
UNIMED DE GUARULHOS COOPERATIVA DE TRABALHO MÉDICO,SP,367132323.68,122377441.22666667,65892205.419403814,3,3
UNIMED DE BOTUCATU COOPERATIVA DE TRABALHO MÉDICO,SP,366702415.73,122234138.57666667,60893462.06681362,3,3
UNIMED DO SUDOESTE COOPERATIVA DE TRABALHO MEDICO LTDA,BA,362688628.58,120896209.52666666,61682375.70625525,3,3
ASSOCIAÇÃO DR. BARTHOLOMEU TACCHINI,RS,358449946.17,119483315.39,67786947.75368005,3,3
UNIMED CHAPECÓ - COOPERATIVA DE TRABALHO MÉDICO DA REGIÃO OESTE CATARINENSE,SC,357995447.79999995,119331815.93333332,66703034.295151055,3,3
UNIMED LESTE PAULISTA COOPERATIVA DE TRABALHO MÉDICO,SP,356548527.87,118849509.29,58866010.71320602,3,3
NOSSA SAÚDE - OPERADORA PLANOS PRIVADOS DE ASSISTÊNCIA  À SAÚDE LTDA.,PR,352700527.09999996,117566842.36666666,60046422.749414295,3,3
UNIMED DE LIMEIRA COOPERATIVA DE TRABALHO MÉDICO,SP,346289781.90999997,115429927.30333333,64040337.593972206,3,3
UNIMED AMPARO COOPERATIVA DE TRABALHO MÉDICO,SP,340120848.95,113373616.31666666,60631533.681463905,3,3
FUNDAÇÃO CELESC DE SEGURIDADE SOCIAL - CELOS,SC,339127177.62,113042392.54,62327692.201228015,3,3
UNIMED DE BEBEDOURO COOPERATIVA DE TRABALHO MÉDICO,SP,337395951.41999996,112465317.13999999,59252391.5427748,3,3
INTEGRA ASSISTENCIA MEDICA SA,SP,336967830.65999997,112322610.21999998,42502973.55760668,3,3
PLENA SAÚDE S.A.,SP,336821392.24,112273797.41333334,56509474.003524534,3,3
AMPLA PLANOS DE SAUDE LTDA,RJ,331437375.75,165718687.875,44867892.345427826,2,2
UNIMED RIO VERDE COOPERATIVA TRABALHO MEDICO,GO,324545125.56,108181708.52,55568357.088647656,3,3
UNIMED VALE DO SEPOTUBA - COOPERATIVA DE TRABALHO MÉDICO,MT,320434899.13,106811633.04333334,56673309.88667964,3,3
UNIMED CENTRO RONDÔNIA COOPERATIVA DE TRABALHO MÉDICO,RO,319288639.12,106429546.37333333,58245418.220787175,3,3
LIV LINHAS INTELIGENTES DE ATENÇÃO À VIDA S/A,SP,318732361.88,106244120.62666667,56569888.27962962,3,3
PROASA SAÚDE,DF,313811827.38,104603942.46,60794105.27277175,3,3
UNIMED PELOTAS/RS - COOPERATIVA DE ASSISTÊNCIA À SAÚDE LTDA.,RS,313513052.48,104504350.82666667,55444297.15067847,3,3
UNIMED COSTA OESTE - COOPERATIVA DE TRABALHO MÉDICO,PR,313511935.92,104503978.64,57474829.376064844,3,3
SERMED-SAÚDE LTDA.,SP,310234238.72,103411412.90666668,54075343.071015276,3,3
CAIXA DE ASSISTÊNCIA DOS EMPREGADOS DA EMPRESA BRASILEIRA DE PESQUISA  AGROPECUÁRIA,DF,307638801.52,102546267.17333333,57162375.853524,3,3
S.P.A SAUDE- SISTEMA DE PROMOÇÃO ASSISTENCIAL,SP,306933383.98,102311127.99333334,52466845.20984084,3,3
ASSOCIAÇÃO ASSISTENCIAL DE SAÚDE SUPLEMENTAR CRUZ AZUL SAÚDE,SP,306300092.44,102100030.81333333,45071923.682242796,3,3
ASSOCIAÇÃO EVANGELICA BENEFICENTE DE LONDRINA,PR,302859774.19,100953258.06333333,55787878.14023978,3,3
IRMANDADE DA SANTA CASA DE MISERICÓRDIA DE PIRACICABA,SP,302602263.19,100867421.06333333,59806112.77078976,3,3
UNIMED NOROESTE/RS - SOCIEDADE COOPERATIVA DE ASSISTÊNCIA À SAÚDE LTDA.,RS,297272578.11,99090859.37,51895192.8124633,3,3
UNIMED RIO BRANCO COOPERATIVA DE TRABALHO MEDICO LTDA,AC,296848842.04,98949614.01333334,49336162.88310857,3,3
SÃO LUCAS SAÚDE S/A,SP,292170012.53999996,97390004.17999999,49021610.82202311,3,3
ABERTTA SAÚDE - ASSOCIAÇÃO BENEFICENTE DOS EMPREGADOS DA ARCELORMITTAL NO BRASIL,MG,291908425.8,97302808.60000001,51661658.254753694,3,3
UNIÃO MÉDICA PLANOS DE SAÚDE S/A,BA,289990393.07,96663464.35666667,50165318.41473463,3,3
UNIMED NOROESTE CAPIXABA COOPERATIVA DE TRABALHO MÉDICO.,ES,281518209.86,93839403.28666668,49828342.73516918,3,3
UNIMED DE RIO CLARO SP COOPERATIVA DE TRABALHO MEDICO,SP,276786272.61,92262090.87,48765884.342116594,3,3
FUNDAÇÃO AFFEMG DE ASSISTÊNCIA E SAÚDE - FUNDAFFEMG,MG,275181584.59000003,91727194.86333334,46636250.81706839,3,3
FUNDAÇÃO SANEPAR DE ASSISTÊNCIA SOCIAL,PR,272995821.77,90998607.25666666,39377465.0235802,3,3
UNIMED PATO BRANCO SOCIEDADE COOPERATIVA DE MÉDICOS,PR,270669356.26,90223118.75333333,46320133.12827219,3,3
PLANO DE SAÚDE DA SANTA CASA DE BRAGANÇA PAULISTA,SP,268149125.15,89383041.71666667,45032684.62170096,3,3
LIFE EMPRESARIAL SAÚDE LTDA.,SP,267523039.22,89174346.40666667,49314032.5432554,3,3
SAUDE PAS - MEDICINA E ODONTO,RS,267000537.63000003,89000179.21000001,46575316.48903396,3,3
CAIXA DE ASSISTÊNCIA OSWALDO CRUZ,RJ,266353458.14999998,88784486.05,46180478.97551926,3,3
UNIMED PETROPOLIS-RJ COOPERATIVA DE TRABALHO MÉDICO,RJ,265810742.19,88603580.73,45492360.683826864,3,3
UNIMED DE DOURADOS COOPERATIVA DE TRABALHO MÉDICO LTDA,MS,264311940.31,88103980.10333334,50175502.64553485,3,3
UNIMED DE OURINHOS - COOPERATIVA DE TRABALHO MÉDICO,SP,257550152.39999998,85850050.8,44502089.573308535,3,3
UNIMED REGIONAL JAU - COOPERATIVA DE TRABALHO MÉDICO,SP,255769897.94,85256632.64666666,43928402.38750749,3,3
UNIMED DE TUBARAO - COOPERATIVA DE TRABALHO MEDICO DA REGIAO DA AMUREL,SC,252993697.96,84331232.65333334,47130526.569853656,3,3
SANTA CASA DE MISERICÓRDIA DE JUIZ DE FORA,MG,252453084.01,84151028.00333333,46528402.4306012,3,3
UNIMED MARANHÃO DO SUL - COOPERATIVA DE TRABALHO MÉDICO,MA,249069490.27999997,83023163.42666666,52276621.88696968,3,3
UNIMED PLANALTO MÉDIO/RS - COOPERATIVA DE ASSISTÊNCIA À SAÚDE LTDA.,RS,248344398.32,82781466.10666667,42032082.263917565,3,3
CABERJ INTEGRAL SAÚDE S.A,RJ,241179760.44,80393253.48,41328685.58004712,3,3
POLICLIN SAÚDE S/A.,SP,240942465.18,80314155.06,40838274.82650831,3,3
UNIMED DE ARACATUBA - COOPERATIVA DE TRABALHO MÉDICO,SP,239395679.28,79798559.76,41055651.64047488,3,3
ASSOCIAÇÃO DE ASSISTÊNCIA À SAÚDE DOS EMPREGADOS DA COPASA,MG,235810962.7,78603654.23333333,39781621.10876193,3,3
MED-TOUR ADMINISTRADORA DE BENEFÍCIOS E EMPREENDIMENTOS LTDA.,SP,233547270.26,77849090.08666666,41005922.87903614,3,3
UNIMED REGIONAL DE CAMPO MOURÃO COOP TRAB MEDICO,PR,232269549.15,77423183.05,40229403.48334638,3,3
UNIHOSP SAÚDE LTDA,SP,232219864.10999998,77406621.36999999,40522792.952381656,3,3
OPERADORA UNIESTE DE PLANOS DE SAÚDE LTDA,RJ,232149041.45,77383013.81666666,39916469.16441931,3,3
MÚTUA DOS MAGISTRADOS DO ESTADO DO RIO DE JANEIRO,RJ,230916219.89999998,76972073.3,42167052.791177996,3,3
UNIMED DO CARIRI - SOCIEDADE COOPERATIVA MÉDICA LTDA,CE,228496114.87,76165371.62333333,42286897.13477237,3,3
UNIMED CENTRO OESTE PAULISTA - FEDERAÇÃO INTRAFEDERATIVA DAS COOPERATIVAS MÉDICAS,SP,224966731.37,74988910.45666666,41267119.28874238,3,3
UNIMED DE MANAUS COOP. DO TRABALHO MÉDICO LTDA,AM,224406464.48,74802154.82666667,48952279.394713566,3,3
UNIMED ANÁPOLIS COOPERATIVA DE TRABALHO MÉDICO.,GO,217983977.9,72661325.96666667,36136474.05215848,3,3
UNIMED VARGINHA COOPERATIVA DE TRABALHO MÉDICO,MG,215367018.67000002,71789006.22333334,36039138.55433161,3,3
UNIMED ENCOSTA DA SERRA/RS SOCIEDADE COOPERATIVA DE SERVIÇOS DE SAÚDE LTDA.,RS,214761245.95999998,71587081.98666666,38856247.291666254,3,3
UNIMED METROPOLITANA DO AGRESTE - COOPERATIVA DE TRABALHO MÉDICO,AL,212484328.5,70828109.5,36624163.002756804,3,3
UNIMED TEOFILO OTONI COOPERATIVA DE TRABALHO MÉDICO,MG,211868397.56,70622799.18666667,36836646.0338121,3,3
ASSOCIAÇÃO ADVENTISTA NORTE BRASILEIRA DE PREVENÇÃO E ASSISTÊNCIA A SAÚDE,PA,210506068.05,70168689.35000001,35152872.18607915,3,3
UNIMED COSTA DO DESCOBRIMENTO COOPERATIVA DE TRABALHO MÉDICO,BA,210026459.82999998,70008819.94333333,38031857.60345353,3,3
UNIMED ARARUAMA COOPERATIVA DE TRABALHO MÉDICO LTDA,RJ,205046150.95,68348716.98333333,37608441.52286746,3,3
UNIMED PALMAS COOPERATIVA DE TRABALHO MÉDICO,TO,202829962.61,67609987.53666668,33028365.526217133,3,3
CAIXA DE ASSISTENCIA A SAUDE DA UNIVERSIDADE,MG,202151456.02,67383818.67333333,35708599.59079141,3,3
IRMANDADE SANTA CASA DE MISERICÓRDIA DE MARINGÁ,PR,201605891.85,67201963.95,36892544.26343882,3,3
HBC SAÚDE LTDA.,SP,200276927.60000002,66758975.866666675,35047515.47548309,3,3
ASSOCIAÇÃO DA SANTA CASA SAÚDE DE RIBEIRÃO PRETO,SP,197136893.67,65712297.88999999,32483611.750073545,3,3
UNIMED VALE DO CAÍ/RS - COOPERATIVA DE ASSISTÊNCIA À SAÚDE LTDA.,RS,195039889.26,65013296.419999994,33471773.427934162,3,3
UNIMED NORTE CAPIXABA- COOPERATIVA DE TRABALHO MÉDICO,ES,195037538.07,65012512.69,35519405.031344496,3,3
SIM - CAIXA DE ASSISTÊNCIA À SAÚDE,SC,194302168.74,64767389.580000006,34666246.04543012,3,3
UNIMED CONSELHEIRO LAFAIETE COOPERATIVA DE TRABALHO MÉDICO LTDA,MG,188092315.01999998,62697438.339999996,33798256.28367741,3,3
BENEFICENCIA CAMILIANA DO SUL,SP,183707135.45,91853567.725,48579473.39630678,2,2
UNIMED BARRA DO GARÇAS - COOPERATIVA DE TRABALHO MÉDICO,MT,182620294.12,60873431.373333335,31857647.60198394,3,3
UNIMED DE CATANDUVA - COOPERATIVA DE TRABALHO MÉDICO,SP,182413160.22,60804386.74,30488083.598219164,3,3
CENTRO HOSPITALAR ATIBAIA LTDA.,SP,181915517.64,60638505.879999995,34510790.73686484,3,3
FUNDAÇAO COMPESA DE PREVIDENCIA E ASSISTENCIA - COMPESAPREV,PE,181158537.07,60386179.02333333,33430737.41095484,3,3
SELECT OPERADORA DE PLANO DE SAUDE LTDA,GO,180024727.03,60008242.343333334,51004408.96908569,3,3
UNIMED INCONFIDENTES COOPERATIVA DE TRABALHO MÉDICO LTDA.,MG,178982695.91,59660898.63666666,31868331.749814406,3,3
UNIMED GUARAPUAVA COOPERATIVA DE TRABALHO MÉDICO,PR,178646903.26999998,59548967.75666666,31859283.129115343,3,3
ECONOMUS INSTITUTO DE SEGURIDADE SOCIAL,SP,178298194.19,59432731.39666667,36578636.961340405,3,3
UNIMED DE ASSIS COOPERATIVA DE TRABALHO MÉDICO,SP,178123533.01,59374511.00333333,30349356.461535957,3,3
ASSOCIAÇÃO SÃO FRANCISCO VIDA,SP,177665313.62,59221771.20666667,32829034.11232734,3,3
UNIMED EXTREMO SUL COOPERATIVA DE TRABALHO MÉDICO,BA,175852571.20999998,58617523.73666666,28217553.852006193,3,3
UNIMED MONTES CLAROS COOPERATIVA DE  TRABALHO MÉDICO LTDA.,MG,174966172.18,58322057.39333334,32279763.264219224,3,3
UNIMED DE BARRA MANSA SOC. COOP. SERV.MED.E HOSPIT.,RJ,174817471.41,58272490.47,31689236.668810647,3,3
IRMANDADE DA SANTA CASA DE MISERICÓRDIA DE RIO CLARO,SP,174461997.56,58153999.18666667,32698531.77795504,3,3
UNIMED LITORAL SUL/RS - COOPERATIVA DE ASSISTÊNCIA À SAÚDE LTDA.,RS,172998656.12,57666218.70666667,28979409.073985286,3,3
ASSOCIAÇÃO BENEFICENTE DE ASSISTÊNCIA A SAÚDE DOS JUÍZES DO TRABALHO DA 15ª REGIÃO (ABAS 15),SP,172371486.67000002,57457162.22333334,29779083.328966334,3,3
SAÚDE BRB - CAIXA DE ASSISTÊNCIA,DF,171799947.76,57266649.25333333,30689211.77049744,3,3
UNIMED RESENDE COOPERATIVA DE TRABALHO MÉDICO,RJ,170667850.37,56889283.45666667,31525961.35797107,3,3
AMESC - ASSOCIAÇÃO MÉDICA ESPÍRITA CRISTÃ,RJ,170379372.68,56793124.22666667,27843581.15425847,3,3
CENTRAL REGIONAL DAS COOPERATIVAS MÉDICAS - UNIMED CERRADO,GO,170134268.14000002,56711422.71333334,27542354.738523304,3,3
UNIMED CURVELO COOPERATIVA DE TRABALHO MÉDICO LTDA.,MG,169658908.35000002,56552969.45000001,29159560.248984966,3,3
UNIMED DE SÃO ROQUE - COOPERATIVA DE TRABALHO MÉDICO,SP,164779634.99,54926544.99666667,31255501.932140566,3,3
ASSOCIAÇÃO DOS SERVIDORES FISCAIS DO ESTADO DA BAHIA,BA,163756707.67000002,54585569.22333334,28381149.567526937,3,3
UNIMED NORTE FLUMINENSE COOPERATIVA DE TRABALHO MEDICO,RJ,163493478.52999997,54497826.176666655,29182758.090422537,3,3
UNIMED DE PARANAGUÁ COOPERATIVA DE TRABALHO MÉDICO,PR,162492132.95000002,54164044.31666667,28204064.578719787,3,3
UNIMED POÇOS DE CALDAS - SOC. COOP. DE TRAB. E SERVIÇOS MÉDICOS,MG,160617920.02,53539306.67333334,29928718.64352733,3,3
UNIMED MISSÕES/RS - COOPERATIVA DE ASSISTÊNCIA À SAÚDE LTDA.,RS,159984824.26999998,53328274.75666666,26687808.637877908,3,3
ASSOCIAÇÃO PADRE ALBINO SAÚDE,SP,157700309.79,52566769.93,31650585.718206216,3,3
CAIXA ASSISTENCIAL E BENEFICENTE DOS FUNCIONÁRIOS DA ACARESC,SC,157657845.97,52552615.32333333,26569051.86327824,3,3
ASSOCIAÇÃO BENEFICENTE DOS PROFESSORES PÚBLICOS ATIVOS E INATIVOS DO RIO DE JANEIRO - APPAI,RJ,154743072.98,51581024.32666666,28904676.450345084,3,3
UNIMED DE PARANAVAÍ COOPERATIVA DE TRABALHO MÉDICO,PR,152077046.45,50692348.81666666,27070668.685840383,3,3
UNIMED DE JABOTICABAL COOP. DE TRABALHO MÉDICO,SP,151311274.68,50437091.56,27159837.887673385,3,3
UNIMED NORDESTE PAULISTA - FED. INTRAFEDERATIVA DAS COOP. MÉDICAS,SP,150837244.99,50279081.663333334,26718203.73334681,3,3
SAÚDE SANTA TEREZA LTDA.,SP,150181089.83,50060363.27666667,26554053.7694665,3,3
FUNDAÇÃO DE SEGURIDADE SOCIAL DA ARCELORMITTAL BRASIL - FUNSSEST,ES,149187189.42000002,49729063.14000001,21372429.286659956,3,3
SANTA CASA DE MAUÁ SAÚDE,SP,147731706.07,49243902.02333333,25653428.159848727,3,3
CAIXA DE ASSISTÊNCIA DOS SERVIDORES FAZENDÁRIOS ESTADUAIS,CE,146452853.01,48817617.669999994,24600761.735851206,3,3
OPERADORA UNICENTRAL DE PLANOS DE SAÚDE LTDA.,SP,144260447.36,48086815.78666667,21591234.162556376,3,3
ELOSAÚDE - ASSOCIAÇÃO DE ASSISTÊNCIA À SAÚDE,SC,144009999.89,48003333.29666666,24760323.31463103,3,3
UNIMED OESTE DO PARANA - COOPERATIVA DE TRABALHO MEDICO,PR,143395589.55,47798529.85,25562211.779342894,3,3
UNIMED REGIONAL SUL GOIAS COOP. DE TRABALHO MÉDICO LTDA,GO,143273945.12,47757981.70666667,24843678.75444483,3,3
UNIMED DE BRUSQUE COOPERATIVA DE TRABALHO MÉDICO,SC,141508677.94,47169559.31333333,25872020.916183222,3,3
UNIMED APUCARANA COOPERATIVA DE TRABALHO MÉDICO,PR,140498701.2,46832900.4,24059890.281881496,3,3
UNIMED ITAJUBA COOPERATIVA DE TRABALHO MEDICO,MG,140292190.82999998,46764063.60999999,26288781.402721565,3,3
CAIXA DE ASSISTÊNCIA DOS EMPREGADOS DA SANEAGO,GO,139854757.06,46618252.35333333,23985822.00202197,3,3
CAIXA DE ASSISTÊNCIA À SAÚDE DOS SERVIDORES PÚBLICOS DO ESTADO DO MATO GROSSO DO SUL,MS,139668881.01,46556293.669999994,24412399.962593667,3,3
UNIMED DE TATUI - COOPERATIVA DE TRABALHO MÉDICO,SP,139444577.39,46481525.79666666,21783961.043457743,3,3
ASSISTÊNCIA MÉDICA SÃO MIGUEL LTDA,SP,138393653.10999998,46131217.703333326,25625460.038874205,3,3
UNIMED FRANCISCO BELTRAO COOPERATIVA DE TRABALHO MEDICO,PR,137928831.76999998,45976277.25666666,25919783.696296085,3,3
LUMINAR SAÚDE - ASSOCIAÇÃO DE ASSISTÊNCIA À SAÚDE,DF,137397484.59,45799161.53,22605394.84509503,3,3
ASSOCIAÇAO DOS FUNCIONARIOS PUBLICOS DO ESTADO DO RIO GRANDE DO SUL,RS,137189112.48,45729704.16,22285538.467265874,3,3
UNIMED OESTE DO PARÁ - COOPERATIVA DE TRABALHO MÉDICO,PA,136042176.96,45347392.32,22217947.81704157,3,3
FUNDAÇÃO DE SAÚDE ITAIGUAPY,PR,135738992.32,45246330.77333333,25186246.72765782,3,3
SAMI ASSISTÊNCIA MÉDICA LTDA,SP,135105053.22,45035017.74,21846865.972695127,3,3
AGROS - INSTITUTO UFV DE SEGURIDADE SOCIAL,MG,134638470.21,44879490.07,23921228.92423505,3,3
ASSOCIAÇÃO SANTA CASA SAÚDE DE ARAÇATUBA,SP,134244445.95999998,44748148.65333333,23783723.638251953,3,3
UNIMED PARÁ DE MINAS COOPERATIVA DE TRABALHO MÉDICO LTDA.,MG,133749783.71,44583261.236666664,23391644.94706846,3,3
UNIMED SÃO JOÃO DEL REI - COOPERATIVA DE TRABALHO MÉDICO,MG,133503956.58,44501318.86,23834208.524337247,3,3
METLIFE PLANOS ODONTOLÓGICOS LTDA.,SP,132604781.91,44201593.97,22424673.7049132,3,3
GARANTIA DE SAÚDE LTDA,SP,132253115.94,44084371.98,22097915.487916686,3,3
NOVA SAÚDE OPERADORA INTEGRADA DE SAÚDE LTDA,RJ,131816169.01,43938723.00333334,22949038.25362865,3,3
UNIMED JOÃO MONLEVADE COOPERATIVA DE TRABALHO MÉDICO LTDA.,MG,130663071.93,43554357.31,23812721.27068535,3,3
UNIMED OS BANDEIRANTES COOPERATIVA DE TRABALHO MÉDICO,SP,128144955.44,42714985.14666667,19137563.54470476,3,3
UNIMED SAÚDE E ODONTO S.A,SP,127843897.03999999,42614632.346666664,24004438.205461543,3,3
UNIMED ERECHIM - COOPERATIVA DE SERVIÇOS DE SAÚDE LTDA.,RS,127502935.17,42500978.39,21196262.428327948,3,3
UNIODONTO DE CAMPINAS COOPERATIVA ODONTOLÓGICA,SP,127133840.97999999,42377946.99333333,22713129.290931113,3,3
UNIMED FRONTEIRA NOROESTE/RS - COOPERATIVA DE ASSISTÊNCIA À SAÚDE LTDA.,RS,126246871.21000001,42082290.403333336,22603693.301631935,3,3
UNIMED CENTRO SUL FLUMINENSE COOPERATIVA DE TRABALHO MÉDICO,RJ,126162844.58,42054281.52666666,23741137.384249024,3,3
GOCARE PLANOS DE SAUDE LTDA,SP,125695517.48,41898505.82666667,17567761.11680944,3,3
IRMANDADE DA SANTA CASA DE MISERICORDIA DE LIMEIRA,SP,125375353.84,41791784.61333334,22180135.616783172,3,3
UNIMED DE CAÇAPAVA - COOPERATIVA DE TRABALHO MEDICO,SP,123745396.45,41248465.483333334,22003850.120385073,3,3
OESTE SAÚDE ASSISTÊNCIA A SAÚDE SUPLEMENTAR S.A,SP,123207680.6,41069226.86666667,22983359.955582656,3,3
UNIMED VALE DO AÇO COOPERATIVA DE TRABALHO MÉDICO,MG,123046283.00999999,61523141.504999995,32406671.70034481,2,2
UNIMED ITABIRA COOPERATIVA DE TRABALHO MÉDICO,MG,122919756.21000001,40973252.07,22331271.040317014,3,3
CAIXA DE ASSISTÊNCIA DOS EMPREGADOS DO SISTEMA FINANCEIRO BANESTES,ES,122666473.39,40888824.46333333,20170370.57407963,3,3
UNIMED ALTO VALE - COOPERATIVA DE TRABALHO MÉDICO,SC,120665406.39,40221802.13,21190598.142866705,3,3
UNIMED DE LENÇOIS PAULISTA - COOPERATIVA DE TRABALHO MÉDICO,SP,120215116.18,40071705.39333334,20199500.216039363,3,3
UNIMED ARAXÁ COOPERATIVA DE TRABALHO MÉDICO LTDA.,MG,120164273.22,40054757.74,21358209.263319366,3,3
UNIMED ARAGUARI COOPERATIVA DE TRABALHO MÉDICO,MG,120017534.83,40005844.943333335,20878366.081708074,3,3
VIVACOM PLANOS DE SAÚDE,GO,119386697.32,39795565.77333333,20723598.469325647,3,3
UNIMED DE CATALÃO COOPERATIVA DE TRABALHO MÉDICO,GO,117921845.32,39307281.77333333,20417977.497925356,3,3
UNIMED DE LINS - COOPERATIVA DE TRABALHOS MÉDICOS,SP,117606848.64999999,39202282.88333333,18826745.63590714,3,3
UNIMED BARBACENA - COOPERATIVA DE TRABALHO MÉDICO LTDA,MG,117391545.01,39130515.00333334,22344291.178180307,3,3
ASSOCIAÇÃO DE ASSISTÊNCIA À SAÚDE DA AMAGIS,MG,116906421.07,38968807.02333333,21263188.63794717,3,3
UNIMED CENTRO PAULISTA - FEDERAÇÃO INTRAFEDERATIVA DAS COOPERATIVAS MÉDICAS,SP,113967236.25999999,37989078.75333333,19632553.52649862,3,3
PLAMED PLANO DE ASSISTENCIA MEDICA LTDA,SE,113782654.12,37927551.373333335,20364674.538158335,3,3
ASSOCIAÇÃO DE SAÚDE DOS FORNECEDORES DE CANA DE PIRACICABA E REGIÃO,SP,112454503.39000002,37484834.46333334,20416157.5142022,3,3
AMEPLAN ASSISTÊNCIA MÉDICA PLANEJADA LTDA,SP,112422448.87,37474149.623333335,17278835.393379293,3,3
SULMED - ASSISTÊNCIA MÉDICA LTDA,RS,111230671.76,37076890.586666666,20115872.13413017,3,3
ESMALE ASSISTENCIA INTERNACIONAL DE SAUDE LTDA.,AL,110856960.72999999,36952320.24333333,18658674.004815623,3,3
UNIMED EXTREMO OESTE CATARINENSE COOPERATIVA DE TRABALHO MÉDICO,SC,109334515.00999999,36444838.336666666,18502305.67363873,3,3
PARANA ASSISTENCIA MEDICA LTDA,PR,109267670.24000001,36422556.74666667,19948586.968306262,3,3
FUNDACAO LEONOR DE BARROS CAMARGO,SP,108985730.8,36328576.93333333,19914617.304186366,3,3
CAIXA ASSISTENCIAL UNIVERSITÁRIA DO RIO GRANDE DO NORTE,RN,108947009.16,36315669.72,18678765.18242044,3,3
ASSOCIAÇÃO PETROBRAS DE SAÚDE - APS,RJ,107218871.94,35739623.98,6557168.346443449,3,3
UNIMED NOROESTE DO PARANÁ COOP DE TRABALHO MÉDICO .,PR,106889068.25,35629689.416666664,20565367.888761345,3,3
MATÃO CLINICAS & AMHMA SAÚDE LTDA,SP,106496175.9,35498725.300000004,17802932.61132977,3,3
UNIMED DE IBITINGA COOPERATIVA DE TRABALHO MÉDICO,SP,106418946.51,35472982.17,17780880.38393052,3,3
UNIMED ALTA MOGIANA COOPERATIVA DE TRABALHO MÉDICO,SP,106102763.34,35367587.78,19103391.359363306,3,3
UNIMED MURIAÉ COOPERATIVA DE TRABALHO MEDICO LTDA,MG,105752643.41,35250881.13666666,17621424.06644938,3,3
UNIMED DE GUARATINGUETA-COOPERATIVA DE TRABALHO MÉDICO,SP,105498786.47,35166262.156666666,18690010.249583546,3,3
TEMPO MED PLANO DE SAUDE LTDA,SC,105030125.31,35010041.77,21975288.043003373,3,3
UNIMED NORTE PIONEIRO - COOPERATIVA DE TRABALHO MÉDICO,PR,104747411.56,34915803.85333333,19119460.11777132,3,3
ASSOCIAÇÃO MINEIRA DE ASSISTÊNCIA À SAÚDE DOS MEMBROS DO MINISTÉRIO PÚBLICO,MG,104700196.46000001,34900065.48666667,18853609.974224433,3,3
BEST SENIOR OPERADORA DE SAÚDE LTDA,ES,104629654.13,34876551.376666665,22336158.696145423,3,3
UNIMED DE SOBRAL SOCIEDADE COOPERATIVA MÉDICA LTDA,CE,103332531.79,34444177.263333336,18495666.75666012,3,3
UNIMED CABO FRIO COOPERATIVA TRABALHO MÉDICO LTDA.,RJ,102442705.88,34147568.626666665,18871274.92515434,3,3
HOSPITAIS E CLÍNICAS DO PIAUÍ S/S LTDA,PI,102401803.71,34133934.57,18065403.07704922,3,3
ASSOCIAÇÃO POLICIAL DE ASSISTÊNCIA À SAÚDE,SP,102305447.27000001,11367271.91888889,10497455.903788801,9,3
ASSOCIAÇÃO DE ASSISTÊNCIA MÉDICO HOSPITALAR DOS MAGISTRADOS DO ESTADO DO PARANÁ,PR,102229425.85,34076475.28333333,19711853.2720351,3,3
UNIMED SUL PAULISTA - COOPERATIVA DE TRABALHO MÉDICO,SP,102217995.45,34072665.15,17479871.290939268,3,3
UNIMED TRÊS RIOS COOPERATIVA DE TRABALHO MÉDICO,RJ,102144091.75,34048030.583333336,17072757.546252977,3,3
CAIXA DE ASSISTÊNCIA À SAUDE DOS EMPREGADOS DA CODEVASF - CASEC,DF,101954956.9,33984985.63333333,14602953.354861839,3,3
UNIMED LAVRAS COOPERATIVA DE TRABALHO MÉDICO,MG,100477134.36,33492378.12,17833358.84358399,3,3
UNIMED CAÇADOR COOPERATIVA DE TRABALHO MÉDICO DA REGIÃO DO CONTESTADO,SC,99483453.45,33161151.150000002,17708804.155571975,3,3
AMHA SAUDE S/A,SP,99309018.53999999,33103006.179999996,16634151.522892706,3,3
SUL AMÉRICA ODONTOLÓGICO S/A,SP,98848719.7,32949573.233333334,16678401.458979432,3,3
AMHE MED ASSISTENCIA A SAUDE LTDA - EPP,SP,98645767.39,32881922.463333335,25992624.730404146,3,3
SANTA CASA DE MISERICORDIA DE SAO JOAQUIM DA BARRA,SP,98229934.58,32743311.526666667,17678347.787822183,3,3
"UNIMED VALE DAS ANTAS, RS - COOPERATIVA DE ASSISTÊNCIA À SAÚDE LTDA.",RS,98128852.2,32709617.400000002,13195840.888051791,3,3
UNIMED MEIO OESTE CATARINENSE COOPERATIVA DE TRABALHO MÉDICO,SC,98065819.7,32688606.566666666,16138276.24057173,3,3
SISTEMAS E PLANOS DE SAÚDE LTDA.,SP,97829993.22,32609997.74,16518040.076712651,3,3
INSTITUIÇÃO BENEFICENTE CEL MASSOT - IBCM,RS,97421282.1,32473760.7,19434951.57467847,3,3
ASSOCIAÇÃO DO PLANO DE SAÚDE DA SANTA CASA DE MISERICÓRDIA DE ITABUNA - PLANSUL,BA,96428559.75,32142853.25,16115874.74049957,3,3
UNIMED COSTA VERDE RJ,RJ,95284691.2,31761563.733333334,15223236.002290076,3,3
ASSOCIAÇÃO DE SAÚDE DO VALE,SC,94716136.25999999,31572045.419999998,17718253.020117085,3,3
CAIXA DE ASSISTÊNCIA À SAÚDE DO SINDICATO DOS FUNCIONÁRIOS INTEGRANTES DO GRUPO OCUPACIONAL ADMINISTRAÇÃO TRIBUTÁRIA DO ESTADO DE PERNAMBUCO,PE,94716086.22,31572028.74,17337494.579255413,3,3
UNIMED NOROESTE FLUMINENSE - COOPERATIVA DE TRABALHO MÉDICO LTDA,RJ,94388331.58,31462777.19333333,16149796.117989503,3,3
UNIMED SÃO LOURENÇO COOPERATIVA DE TRABALHO MÉDICO,MG,93939103.67,31313034.55666667,15479711.908156568,3,3
SAMOC S.A. - SOCIEDADE ASSISTENCIAL MÉDICA E ODONTO CIRÚRGICA,RJ,92907481.17,30969160.39,16002046.426740702,3,3
ASSOCIAÇÃO MAIS SAÚDE SANTA CASA DE SÃO JOÃO DA BOA VISTA,SP,92453998.43,30817999.47666667,18081251.593057897,3,3
UNIMED NORTE PAULISTA - COOPERATIVA DE TRABALHO MÉDICO,SP,92021923.75,30673974.583333332,15359121.45327747,3,3
FUNDAÇÃO LIBERTAS DE SEGURIDADE SOCIAL,MG,91951231.91,30650410.636666667,15571998.397453656,3,3
SÃO FRANCISCO ASSISTÊNCIA MÉDICA LTDA,PE,91717788.82,30572596.27333333,16114296.61183152,3,3
ASSOCIAÇÃO SÃO LUIZ SAÚDE,SP,90961872.43,30320624.143333334,14398749.067339592,3,3
DENTAL UNI - COOPERATIVA ODONTOLÓGICA,PR,87713379.45,29237793.150000002,15357008.942204457,3,3
UNIMED ITUIUTABA COOPERATIVA TRABALHO MÉDICO LTDA.,MG,87554988.86,29184996.286666665,14970768.049228825,3,3
PRONTOMED PLANOS DE SAÚDE LTDA,MG,87551007.61,29183669.203333333,15666449.899123766,3,3
IRMANDADE DE MISERICÓRDIA DO HOSPITAL DA SANTA CASA DE MONTE ALTO,SP,87206019.11,29068673.036666665,15287573.073474605,3,3
UNIMED ITAÚNA COOPERATIVA DE TRABALHO MÉDICO LTDA.,MG,86998586.41,28999528.80333333,14455308.56950688,3,3
ELETROS SAÚDE - ASSOCIAÇÃO DE ASSISTÊNCIA À SAÚDE,RJ,85860669.92,28620223.30666667,16879237.340325776,3,3
PLANO DE SAUDE ASES LTDA.,RJ,85759484.03999999,28586494.679999996,14636200.336834418,3,3
COOPERATIVA DE TRABALHO MÉDICO DO PLANALTO NORTE DE SANTA CATARINA LTDA,SC,85630265.58000001,28543421.860000003,14348338.6491177,3,3
AMAZÔNIA PLANOS DE SAÚDE LTDA,PA,85629234.85,28543078.28333333,15311424.871624736,3,3
PLADISA PLANOS DE SAÚDE SA,SC,84984001.92,28328000.64,14783945.655817334,3,3
UNIMED GUAXUPÉ COOPERATIVA DE TRABALHO MEDICO,MG,84880229.89,28293409.963333335,14998121.654958952,3,3
CAIXA DE ASSISTÊNCIA DOS FUNCIONÁRIOS DO BANCO DA AMAZÔNIA - CASF,PA,84495460.48,28165153.493333336,11870303.58293151,3,3
UNIMED MARQUES DE VALENÇA COOPERATIVA DE TRABALHO MÉDICO LTDA.,RJ,84464055.56,28154685.186666667,15868049.702756653,3,3
UNIMED DE BIRIGUI - COOPERATIVA DE TRABALHO MÉDICO,SP,84233327.78,28077775.926666666,14085383.522090632,3,3
SÃO DOMINGOS SAÚDE- ASSISTÊNCIA MÉDICA  LTDA,SP,83073238.32,27691079.439999998,14996473.89434076,3,3
UNIMED ALTO DA SERRA - SOCIEDADE COOPERATIVA DE SERVIÇO MÉDICO LTDA.,RS,82686554.04,27562184.680000003,14787479.340424864,3,3
LEADER ASSISTÊNCIA MÉDICA E HOSPITALAR LTDA.,SP,81527646.44,27175882.146666665,12312662.775240758,3,3
IRMANDADE DA SANTA CASA DE MISERICÓRDIA DE PASSOS,MG,79026822.81,26342274.27,13735759.537336992,3,3
UNIMED VALE DO JAURU COOPERATIVA DE TRABALHO MÉDICO,MT,79021420.7,26340473.566666666,12835140.228473414,3,3
ANAFE SAUDE,GO,78977396.93,26325798.97666667,13088492.289623495,3,3
ASSOCIAÇÃO POLICIAL DE ASSISTÊNCIA À SAÚDE DE BAURU,SP,78907084.91,26302361.636666667,13687094.378961638,3,3
ÚNICA ASSISTENCIA MEDICA LTDA,SP,78806145.02000001,26268715.00666667,13669164.072000623,3,3
VITA ASSISTÊNCIA A SAÚDE LTDA.,MG,78348700.93,26116233.643333334,20737275.793881945,3,3
UNIMED DE BARRETOS COOPERATIVA DE TRABALHO MÉDICO,SP,77492133.89,25830711.296666667,14208551.679570165,3,3
UNIMED PATROCÍNIO COOPERATIVA DE TRABALHO MÉDICO LTDA.,MG,76841890.05,25613963.349999998,13911699.516795851,3,3
UNIMED DE AVARÉ COOPERATIVA DE TRABALHO MÉDICO,SP,76774806.39,25591602.13,13551298.090622358,3,3
MAIS SAÚDE PLANO DE SAÚDE LTDA,GO,76217591.93,25405863.97666667,14236071.71091165,3,3
UNITY SERVIÇOS INTEGRADOS DE SAÚDE LTDA.,DF,75011392.13999999,25003797.379999995,14939302.144182378,3,3
UNIMED DE CIANORTE - COOPERATIVA DE TRABALHO MEDICO,PR,74895743.49000001,24965247.830000002,13590726.518584821,3,3
UNIMED DE CAPIVARI -COOPERATIVA DE TRABALHO MÉDICO,SP,74406990.5,24802330.166666668,12870468.29675679,3,3
CAIXA DE ASSISTÊNCIA SISTEMA SAÚDE INTEGRAL-SSI SAUDE,RS,74177108.39000002,24725702.79666667,14299425.108258499,3,3
GS PLANO GLOBAL DE SAÚDE LTDA,RJ,73831874.42,24610624.80666667,13387170.438328797,3,3
SAÚDE BRASIL ASSISTÊNCIA MÉDICA LTDA.,SP,73641409.04,24547136.346666668,14916541.946859885,3,3
IRMANDADE DE MISERICORDIA DE PORTO FERREIRA,SP,73580516.45,24526838.816666666,13732525.095356494,3,3
CAIXA DE ASSISTÊNCIA AOS MEMBROS DA DEFENSORIA PÚBLICA DO ESTADO DO RIO DE JANEIRO,RJ,72109876.38,24036625.459999997,13490571.393454501,3,3
ASSOCIAÇÃO SAÚDE SÃO JOSÉ,SC,71958987.79,23986329.263333336,13240630.63857873,3,3
UNIMED ALTO SÃO FRANCISCO COOPERATIVA DE TRABALHO MÉDICO,MG,71588769.72,23862923.24,12803015.182704687,3,3
ASSOCIAÇÃO DOS AUDITORES FISCAIS DO ESTADO DA PARAÍBA - AFRAFEP,PB,71175235.41,23725078.47,12253463.10806774,3,3
UNIMED DE TAUBATÉ COOPERATIVA DE TRABALHO MÉDICO,SP,70890921.92,23630307.30666667,12245237.22322401,3,3
COOPERATIVA DE TRABALHO MEDICO DE ARAGUAÍNA - UNIMED ARAGUAÍNA,TO,70435815.93,23478605.310000002,12283400.339101538,3,3
UNIMED DE TUPA COOPERATIVA DE TRABALHO MÉDICO,SP,68765195.69,22921731.896666665,12043256.212909125,3,3
SANTA CASA DE MISERICÓRDIA DE VOTUPORANGA,SP,68030914.97,22676971.656666666,11702779.59524872,3,3
ASSOCIAÇÃO FUNDO DE PROTEÇÃO À SAÚDE,PR,67886179.34,22628726.44666667,11763233.51947566,3,3
UNIMED DE LORENA COOPERATIVA DE TRABALHO MÉDICO,SP,67883564.59,22627854.863333333,11145890.750589041,3,3
UNIMED DE PINDAMONHANGABA - COOPERATIVA TRABALHO MEDICO,SP,67079098.93,22359699.643333334,10879616.713926794,3,3
UNIMED DE ANDRADINA - COOPERATIVA DE TRABALHO MÉDICO,SP,67037113.38,22345704.46,12463197.201108705,3,3
UNIMED DE MOCOCA COOPERATIVA DE TRAB. MÉDICO,SP,65661406.08,21887135.36,12173892.74094542,3,3
UNIMED CATAGUASES COOPERATIVA DE TRABALHO MÉDICO LTDA,MG,65508638.86,21836212.953333333,11369776.385112593,3,3
CONFERÊNCIA SÃO JOSÉ DO AVAÍ,RJ,65490117.949999996,21830039.316666666,13337735.540578794,3,3
UNIMED VIÇOSA - COOPERATIVA DE TRABALHO MÉDICO,MG,65271092.81999999,21757030.939999998,11462642.461662171,3,3
COOPERATIVA DE TRABALHO MEDICO REGIÃO DO PLANALTO SERRANO,SC,65083926.66,21694642.22,12691928.998190682,3,3
PLANO ODONTOLÓGICO DENTALVIDAS LTDA.,SP,64954669.52,21651556.506666668,12121348.376492636,3,3
ASSOCIAÇÃO DOS FUNCIONÁRIOS DO FISCO DO ESTADO DE GOIÁS,GO,64518427.29,21506142.43,11746717.966950355,3,3
UNIMED DE PIRASSUNUNGA COOPERATIVA DE TRABALHO MÉDICO,SP,64382051.11,21460683.703333333,12394365.507182062,3,3
ASSOCIAÇÃO PARANAENSE DE ASSISTÊNCIA À SAUDE DOS MEMBROS DO MINISTERIO PUBLICO DO PARANÁ,PR,63351035.050000004,21117011.683333334,10442902.188371876,3,3
INTERMEDICI PIRACICABA ASSISTENCIA MEDICA LTDA,SP,63321496.95,21107165.650000002,11944468.993106239,3,3
CAIXA DE ASSISTÊNCIA DOS MAGISTRADOS DE PERNAMBUCO,PE,62544097.84,20848032.613333333,11430945.829095623,3,3
UNIMED DE MINEIROS COOPERATIVA DE TRABALHO MÉDICO,GO,60811192.78,20270397.593333334,10900657.030606987,3,3
OPERADORA DE PLANOS PRIVADOS DE SAÚDE - SANTA CASA SAÚDE LTDA,MS,60721988.3,20240662.766666666,10056974.157139536,3,3
UNIODONTO DE SÃO JOSÉ DOS CAMPOS COOPERATIVA DE TRABALHO ODONTOLÓGICO,SP,60187609.06,20062536.353333335,10874332.137957916,3,3
UNIMED DE UBA COOPERATIVA DE TRABALHO MEDICO,MG,59687239.53,19895746.51,11196583.162829682,3,3
UNIMED PONTAL DO TRIÂNGULO - COOPERATIVA DE TRABALHO MÉDICO,MG,58579771.86,19526590.62,9502802.11390103,3,3
UNIMED TRÊS CORAÇÕES COOPERATIVA DE TRABALHO MÉDICO LTDA.,MG,58282627.510000005,19427542.503333334,10799553.837329261,3,3
FUNDAÇÃO FILANTRÓPICA E BENEFICENTE DE SAÚDE ARNALDO GAVAZZA FILHO,MG,57362803.980000004,19120934.66,10257168.422872983,3,3
AMEP FREGUESIA OPERADORA DE PLANO DE SAUDE LTDA,RJ,56985059.20999999,18995019.736666664,9371770.929087382,3,3
UNIMED REGIONAL DE TRES LAGOAS COOPERATIVA DE TRABALHO MÉDICO,MS,56269306.56,18756435.52,10402426.979701756,3,3
UNIMED VILHENA - COOPERATIVA DE TRABALHO MEDICO LTDA,RO,56190801.65,18730267.216666665,13356742.911780694,3,3
UNIMED VALE DO PIQUIRI-COOPERATIVA DE TRABALHO MÉDICO VALE DO PIQUIRI,PR,55649898.730000004,18549966.243333336,9833227.530327331,3,3
UNIMED NORTE DO PARANÁ COOPERATIVA REGIONAL DE TRABALHO MÉDICO,PR,55302956.440000005,18434318.813333336,9501286.75922803,3,3
UNIMED CARATINGA - COOPERATIVA DE TRABALHO MÉDICO LTDA,MG,55299156.099999994,18433052.03333333,9288688.958212137,3,3
BRASILDENTAL OPERADORA DE PLANOS ODONTOLÓGICOS S.A.,SP,54699117.74,18233039.246666666,10121346.488029463,3,3
UNIMED VERTENTE DO CAPARAÓ - COOPERATIVA DE TRABALHO MÉDICO LTDA,MG,54598843.93,18199614.643333334,9556849.009529417,3,3
UNIMED NOROESTE DE MINAS COOPERATIVA DE TRABALHO MEDICO LTDA,MG,54380598.07,18126866.023333333,10333339.529662209,3,3
POLI SAUDE OPERADORA DE PLANO DE SAUDE LTDA,PR,53016062.97,17672020.99,9642301.217159612,3,3
UNIMED GURUPI COOPERATIVA DE TRABALHO MÉDICO,TO,52843323.22,17614441.073333334,8914130.202359451,3,3
AMPARA ASSISTÊNCIA MÉDICA PARAÍSO LTDA,MG,52789470.56,17596490.186666667,8999571.698494004,3,3
PREVIDENT ASSISTÊNCIA ODONTOLÓGICA S.A,SP,52188398.03,17396132.676666666,8742385.809798399,3,3
UNIMED PLANALTO CENTRAL/RS - COOPERATIVA DE ASSISTÊNCIA  À SAÚDE LTDA.,RS,52123502.82,17374500.94,10094170.278371137,3,3
SUL AMÉRICA PARANÁ CLÍNICAS SERVIÇOS DE SAÚDE S.A.,SP,51633802.489999995,17211267.496666666,14087501.235454965,3,3
UNIMED FRUTAL COOPERATIVA DE TRABALHO MEDICO LTDA,MG,51489885.480000004,17163295.16,8296746.9563898565,3,3
UNIMED DE SAO JOSÉ DO RIO PARDO-COOP. DE TRAB. MÉDICO,SP,51389873.769999996,17129957.923333332,9307512.536875209,3,3
FUNDAÇÃO DE ASSISTÊNCIA À SAÚDE DA ASSOCIAÇÃO DO MINISTÉRIO PÚBLICO DO RIO GRANDE DO SUL,RS,51365823.019999996,17121941.006666664,10212938.320695411,3,3
UNIMED REGIÃO DA CAMPANHA/RS - COOPERATIVA DE ASSISTÊNCIA À SAÚDE LTDA.,RS,51257150.61,17085716.87,9071994.889675984,3,3
SF SISTEMAS DE SAÚDE LTDA,SP,51102054.63,17034018.21,10397248.978634784,3,3
UNIMED LEOPOLDINA COOPERATIVA DE TRABALHO MÉDICO LTDA,MG,49409109.46,16469703.153333334,10239124.037084078,3,3
UNIMED DE ADAMANTINA-COOPERATIVA DE TRABALHO MÉDICO,SP,48149790.11,16049930.036666667,8463321.3564566,3,3
ASSOCIAÇÃO PLANO DE SAÚDE SANTA CASA DE VALINHOS,SP,48139345.76,16046448.586666666,8475764.98997576,3,3
UNIMED ALFENAS COOPERATIVA DE TRABALHO MEDICO,MG,48031649.71,16010549.903333334,8603002.519399635,3,3
TERRAMAR ADMINISTRADORA DE PLANO DE SAUDE LTDA,BA,47359676.28,15786558.76,9422364.729089106,3,3
SBC SAÚDE LTDA.,SP,47048836.47,15682945.49,7652003.825623604,3,3
SOCIEDADE BENEFICENTE DEZOITO DE JULHO,MG,46916416.98,15638805.659999998,8296512.9989950145,3,3
UNIMED DE DRACENA - COOPERATIVA DE TRABALHO MÉDICO,SP,46603988.88,15534662.96,8128893.981863549,3,3
ASSOCIAÇÃO POLICIAL DE ASSISTÊNCIA À SAÚDE DE RIBEIRÃO PRETO (APAS),SP,46304852.06,15434950.686666667,7909288.490014255,3,3
PLAMER PLANO MEDICO RESENDE LTDA,RJ,46111884.69,15370628.229999999,6974725.84439515,3,3
UNIMED DE MONTE ALTO - COOPERATIVA DE TRABALHO MÉDICO,SP,45601533.47,15200511.156666666,7919299.056636332,3,3
FILOSANITAS SAUDE LTDA,SP,45263251.89,15087750.63,8439352.671405872,3,3
IRMANDADE DA SANTA CASA DE MISERICÓRDIA E MATERNIDADE DONA ZILDA SALVAGNI,SP,45158573.089999996,15052857.696666665,7862936.628514565,3,3
UNIMED-RIO COOPERATIVA DE TRABALHO MEDICO DO RIO DE JANEIRO,RJ,43905275.41,43905275.41,0.0,1,1
UNIMED CALDAS NOVAS - COOPERATIVA DE TRABALHO MEDICO,GO,43778931.74,14592977.246666668,7477865.035782991,3,3
UNIMED DE REGISTRO COOPERATIVA DE TRABALHO MÉDICO,SP,43716496.47,14572165.49,7319021.152824844,3,3
ASSOCIACAO DOS PROFESSORES UNIVERSITÁRIOS DA BAHIA,BA,42990324.370000005,14330108.123333335,7625127.258222387,3,3
UNIMED SÃO SEBASTIÃO DO PARAÍSO COOPERATIVA DE TRABALHO MÉDICO,MG,42744025.09,14248008.363333335,7420338.050069295,3,3
UNIMED TRÊS PONTAS - COOPERATIVA DE TRABALHO MÉDICO,MG,42632263.76,14210754.586666666,7433165.124193476,3,3
ADVANCE PLANOS DE SAÚDE LTDA,SP,42487948.39,14162649.463333333,7782476.367310891,3,3
ASSOCIAÇÃO DOS AUDITORES FISCAIS DA RECEITA ESTADUAL DO RIO DE JANEIRO,RJ,41941274.83,13980424.943333333,6179147.982904285,3,3
UNIODONTO BELÉM - COOPERATIVA DE ASSISTÊNCIA À SAÚDE ODONTOLÓGICA,PA,41902718.06,13967572.686666667,7360738.611506146,3,3
UNIMED REGIONAL DE FLORIANO - COOPERATIVA DE TRABALHO MÉDICO,PI,41808771.089999996,13936257.03,7128594.4665420195,3,3
UNIMED VALE DO CORUMBÁ COOPERATIVA DE TRABALHO MEDICO,GO,41151778.839999996,13717259.613333331,7504109.176813906,3,3
ASSOCIAÇÃO DOS EMPREGADOS DA COMPANHIA ESTADUAL DE HABITAÇÃO E OBRAS PÚBLICAS - ASSEC,SE,40993810.66,13664603.553333333,7551041.7957468135,3,3
TRINO - ALIANCA FILANTRÓPICA DE ASSISTÊNCIA E INTEGRAÇÃO PARA O DESENVOLVIMENTO DA SAUDE,ES,40930520.81,13643506.936666667,7963755.517739908,3,3
UNIMED SUDOESTE DE MINAS COOPERATIVA DE TRABALHO MÉDICO,MG,40828472.23,13609490.743333332,8314137.011849005,3,3
PRONTOCLINICA E HOSPITAIS SAO LUCAS S/A,MG,40760453.54,13586817.846666666,7406365.044879956,3,3
UNIMED REGIÃO DA FRONTEIRA - RS COOPERATIVA DE ASSISTÊNCIA À SAÚDE LTDA.,RS,40124974.0,13374991.333333334,7089448.076363002,3,3
ASSOCIAÇÃO SANTA CASA CLÍNICAS DE BIRIGUI,SP,40106341.7,13368780.566666668,7084172.81685375,3,3
SV SAUDE ADMINSTRADORES DE PLANO DE SAUDE LTDA,RJ,40014465.24,13338155.08,7326531.741989947,3,3
FEDERAÇÃO DAS COOP ODONTOLÓGICAS DO ESTADO DE SANTA CATARINA,SC,39286550.81,13095516.936666667,7403081.140430087,3,3
ASSOCIAÇÃO POLICIAL DE ASSISTÊNCIA A SAÚDE DA BAIXADA SANTISTA,SP,39032171.94,13010723.979999999,6312731.796143549,3,3
FUNDACAO CAPITAL PREVIDENCIA E SAUDE - CAPITAL PREV,ES,39028302.27,19514151.135,8457314.954560319,2,2
UNIX SAÚDE S.A,BA,38097944.74,12699314.913333334,6616134.87385444,3,3
PB ASSISTENCIA MEDICA EU LTDA,BA,37662784.06,12554261.353333334,8181540.35087183,3,3
ASSOCIAÇÃO POLICIAL DE ASSISTÊNCIA À SAÚDE DE ARAÇATUBA (APAS),SP,37268939.14,12422979.713333333,6097749.586564516,3,3
UNIMED SUDOESTE PAULISTA COOPERATIVA DE TRABALHO MÉDICO,SP,37183333.57,12394444.523333333,6469154.220218158,3,3
SANTA CASA DE MISERICORDIA HOSPITAL SÃO VICENTE,SP,37006761.88,12335587.293333335,6554588.822312755,3,3
"FEDERAÇÃO DAS SOCIEDADES COOPERATIVAS DE TRABALHO MÉDICO DO ACRE, AMAPÁ, AMAZONAS, PARÁ, RONDONIA E RORAIMA",AM,36918032.69,36918032.69,0.0,1,1
CAIXA DE ASSISTÊNCIA DOS EMPREGADOS DO BANESE,SE,36127689.51,12042563.17,6061754.893646002,3,3
ATÍVIA SERVIÇOS DE SAÚDE S/A,SP,35493111.49,17746555.745,3835730.1572595923,2,2
PESSOAL SAÚDE PLANOS DE ASSISTÊNCIA MÉDICA LTDA,SP,35484113.44,11828037.813333333,6202246.920060259,3,3
EVANGELICO SAUDE LTDA.,PR,34761835.17999999,11587278.39333333,5740043.327102742,3,3
COOPERATIVA DOS USUÁRIOS DE SERVIÇOS DE SAÚDE LTDA.,RS,33819143.19,11273047.729999999,6366348.590847052,3,3
UNIODONTO DE FORTALEZA COOPERATIVA DE TRABALHO ODONTOLOGICO LTDA,CE,33533939.41,11177979.803333333,5837008.478264761,3,3
ASSOCIAÇÃO GOIANA DO MINISTÉRIO PÚBLICO,GO,33283866.849999998,11094622.283333333,5913645.580194439,3,3
ALLIANZ SAÚDE S/A,SP,32422966.53,10807655.51,3919311.706419142,3,3
ASSOCIAÇÃO SAÚDE CONCEIÇÃO,SC,32135174.400000002,10711724.8,6095944.7145983605,3,3
CAIXA DE ASSISTÊNCIA DOS EMPREGADOS DO BANEB,BA,31883484.089999996,10627828.03,3962559.684862375,3,3
UNIMED CACERES COOPERATIVA DE TRABALHO MÉDICO,MT,31759388.419999998,10586462.806666667,5265321.990411249,3,3
AME VVIDA PLANOS DE SAUDE INTEGRADO LTDA.,RO,31438475.119999997,10479491.706666665,5339997.809841663,3,3
CAIXA DE ASSISTÊNCIA DO SINDFISCO - CASSIND,SE,31332223.65,10444074.549999999,5774695.026644521,3,3
SANTA CASA DE MISERICÓRDIA E BENEFICÊNCIA PORTUGUESA,SP,31168285.71,10389428.57,6198979.7724329,3,3
UNIODONTO REGIONAL COOPERATIVA ODONTOLOGICA,MG,30926940.400000002,10308980.133333335,5671047.71644174,3,3
MAIS SAUDE S/A,ES,30067203.759999998,15033601.879999999,10669027.508604417,2,2
UNIODONTO MACEIÓ COOPERATIVA ODONTOLÓGICA,AL,29740993.05,9913664.35,5215338.091681782,3,3
BIO SAÚDE SERVIÇOS MÉDICOS LTDA,SP,29568902.549999997,9856300.85,4774651.779969642,3,3
SOCIEDADE PORTUGUESA DE BENEFICÊNCIA,RS,29499003.490000002,9833001.163333334,5241147.290906685,3,3
UNIODONTO PORTO ALEGRE COOPERATIVA ODONTOLOGICA LTDA,RS,29446934.63,9815644.876666667,6163350.428247695,3,3
UNIDENTIS ASSISTENCIA ODONTOLOGICA LTDA.,PB,29342091.79,9780697.263333334,4909307.133315377,3,3
DESBAN - FUNDAÇÃO BDMG DE SEGURIDADE SOCIAL,MG,29183836.199999996,9727945.399999999,4855191.173949454,3,3
UNIODONTO PIRACICABA - COOPERATIVA ODONTOLÓGICA,SP,29082633.43,9694211.143333333,5400955.881953609,3,3
UNIODONTO/RN - COOPERATIVA ODONTOLOGICA DO RIO GRANDE DO NORTE,RN,28897419.15,9632473.049999999,5138323.508932451,3,3
ASSOCIAÇÃO VALEPARAIBANA DE ASSISTÊNCIA MÉDICA POLICIAL,SP,28302930.25,9434310.083333334,3489899.0424361005,3,3
UNIMED REGIÃO DA PRODUÇÃO/RS - COOPERATIVA DE ASSISTÊNCIA À SAÚDE LTDA,RS,27781169.98,9260389.993333334,5402023.561419857,3,3
UNIODONTO DE SC COOPERATIVA ADMINISTRADORA DE CONTRATOS,SC,27726742.439999998,9242247.479999999,4940024.206836714,3,3
SANTA CASA DE SAÚDE - SCS,ES,27560748.39,9186916.13,5354626.882716283,3,3
UNIODONTO GOIANIA COOPERATIVA DE CIRURGIÕES DENTISTAS,GO,27439145.21,9146381.736666666,4931835.019989569,3,3
UNIMED SÃO JOÃO NEPOMUCENO COOPERATIVA DE TRABALHO MÉDICO LTDA.,MG,27393937.08,9131312.36,4833721.272303859,3,3
ATITUDE SAÚDE ASSISTÊNCIA MEDICA LTDA,BA,26971823.53,8990607.843333334,5239004.287656615,3,3
UNIMED DE PENAPOLIS - COOPERATIVA DE TRABALHO MEDICO,SP,26228831.63,8742943.876666667,5275400.6371206,3,3
UNIMED DE JATAÍ COOPERATIVA DE TRABALHO MÉDICO LTDA.,GO,25965374.28,8655124.76,4943828.598459956,3,3
HOSPITAL DE PRONTOCLINICA LTDA.,RS,25551239.89,8517079.963333333,4213378.709656783,3,3
UNIMED MACHADO COOPERATIVA DE TRABALHO MEDICO,MG,25264551.200000003,8421517.066666668,4580668.696038862,3,3
UNIMED VALE DO CARANGOLA COOPERATIVA DE TRABALHO MEDICO LTDA,MG,25171301.45,8390433.816666666,4500609.250707068,3,3
FUNASA SAÚDE,PB,24996006.83,8332002.276666666,4475865.016573371,3,3
NACIONAL ODONTO OPERADORA DE PLANOS ODONTOLÓGICOS LTDA.,PE,24628998.22,8209666.073333333,4055610.5639290167,3,3
AURORA SAÚDE LTDA,MG,24535483.91,8178494.636666667,5053360.746395279,3,3
UNIMED ALTO JACUÍ/RS - COOPERATIVA DE ASSISTÊNCIA À SAÚDE LTDA,RS,24110155.79,8036718.596666667,3857214.4223818914,3,3
UNIMED PATOS - COOPERATIVA DE TRABALHO MÉDICO,PB,23857790.32,7952596.773333333,4422373.218831987,3,3
COOPERATIVA DOS USUÁRIOS DE SERVIÇOS DE SAÚDE DO VALE DO RIO DOS SINOS LTDA,RS,23785655.5,7928551.833333333,3931335.889525098,3,3
CARE PLUS ODONTOLOGIA ASSISTENCIAL LTDA.,SP,22863385.15,7621128.383333333,6765873.970424784,3,3
RIO DOCE SAÚDE,ES,22861517.029999997,7620505.676666666,4218229.469723283,3,3
VIDA TOP MAIS SAÚDE OPERADORA DE PLANOS DE SAÚDE LTDA.,SP,22760529.86,7586843.286666666,4638718.151035437,3,3
ON MED ASSISTÊNCIA MÉDICA LTDA,RS,22319128.340000004,7439709.446666668,5463249.40876954,3,3
R.M.I. OPERADORA DE SAÚDE INTEGRADA LTDA,SP,22021317.659999996,11010658.829999998,3401098.4677087036,2,2
ASSOCIACAO POLICIAL DE ASSISTENCIA A SAUDE DE PRESIDENTE PRUDENTE (APAS),SP,21893988.12,7297996.04,4043911.7614097316,3,3
UNIMED PONTE NOVA COOPERATIVA DE TRABALHO MEDICO LTDA,MG,21838755.97,7279585.323333333,4143177.0949854422,3,3
UNIODONTO DE JOÃO PESSOA COOPERATIVA ODONTOLÓGICA,PB,21819023.21,7273007.736666667,3254904.2929429193,3,3
VIVENTERIS LTDA,PR,21037418.58,7012472.859999999,3773076.535107026,3,3
UNIMED REGIONAL DE PICOS - COOPERATIVA DE TRABALHO MÉDICO,PI,21012800.119999997,7004266.706666666,3605941.4556611856,3,3
ASSOCIAÇAO UNISAUDE MARAU,RS,20922243.1,6974081.033333334,3432876.686715795,3,3
SUL DO PARÁ LTDA,PA,20830054.23,6943351.41,2386761.7580808178,3,3
TOTAL ASSISTÊNCIA MÉDICA HOSPITALAR LTDA,MG,20400383.15,6800127.716666666,3511603.8937316965,3,3
ASSOCIAÇÃO POLICIAL DE ASSISTÊNCIA A SAÚDE,SP,20348295.199999996,6782765.0666666655,3599016.244600219,3,3
UNIMED DE CORUMBA COOPERATIVA DE TRABALHO MÉDICO,MS,20296630.68,6765543.56,3947456.7350127767,3,3
ODONTO EMPRESAS CONVENIOS DENTARIOS LTDA.,SP,19846633.419999998,6615544.473333333,3514459.9434956913,3,3
UNIMED MORRINHOS COOPERATIVA DE TRABALHO MEDICO,GO,19563734.7,6521244.899999999,3950200.0085697104,3,3
UNIODONTO DO BRASIL CENTRAL NACIONAL DAS COOPERATIVAS ODONTÓLOGICAS,SP,19530587.94,6510195.98,3783886.5521462974,3,3
ASSOCIACAO DE SAUDE HOLAMBRA,SP,19166372.990000002,6388790.996666667,3582982.15643958,3,3
ODONTOGROUP SISTEMA DE SAÚDE LTDA.,DF,19093145.77,6364381.923333333,3372181.7218220118,3,3
UNIMED DO OESTE DA BAHIA COOPERATIVA DE TRABALHO MÉDICO,BA,18915952.32,6305317.44,4074774.9932072223,3,3
"ASSOCIAÇÃO DOS SERVIDORES MUNICIPAIS, ESTADUAIS E FEDERAIS DO RIO DE JANEIRO",RJ,18901491.490000002,6300497.163333334,3284553.563074909,3,3
UNIMED SOUSA - COOPERATIVA DE TRABALHO MÉDICO,PB,18726821.42,6242273.806666668,2814449.1595809497,3,3
FUNDAÇÃO PLAMHUV - PLANO MÉDICO HOSPITALAR DOS HOSPITAIS UNIDOS DE VIÇOSA,MG,18323555.310000002,6107851.7700000005,3494458.897087248,3,3
HOSPITAL CESAR LEITE,MG,18019610.22,6006536.739999999,3500486.385875556,3,3
UNIODONTO PAULISTA-FEDERAÇÃO DAS COOPERATIVAS ODONTOLÓGICAS DO ESTADO DE SÃO PAULO,SP,17936406.37,5978802.123333334,3269223.5404709876,3,3
ASSOCIAÇÃO DOS FUNCIONÁRIOS FISCAIS DO ESTADO DO AMAZONAS - AFFEAM,AM,17191045.509999998,5730348.503333333,3753418.830969253,3,3
OPLAN SAÚDE OPERADORA DE PLANO DE SAÚDE LTDA,RJ,17129746.25,5709915.416666667,3180779.9330528835,3,3
UNIODONTO DE MANAUS - COOPERATIVA ODONTOLÓGICA LTDA.,AM,16658539.89,5552846.63,2733592.1572405375,3,3
SOCIEDADE DE ASSISTÊNCIA MÉDICA - SAMEISA,RS,16609677.09,5536559.03,2888162.9985974003,3,3
"CAIXA DE ASSISTÊNCIA À SAÚDE DOS TRABALHADORES NAS INDÚSTRIAS METALÚRGICAS, MECÂNICAS E DO MATERIAL ELÉTRICO DE BRUSQUE",SC,16556440.91,5518813.636666667,3022697.4804039956,3,3
ASSOCIAÇÃO BENEFICENTE CATÓLICA,MG,16120312.08,5373437.36,2798237.9998713275,3,3
SISTEMA TOTAL DE SAÚDE LTDA.,SP,15911906.56,5303968.8533333335,2653520.843357984,3,3
CAIXA ASSISTENCIAL UNIVERSITARIA DO RIO DE JANEIRO,RJ,15777890.59,5259296.863333333,2748659.1352277547,3,3
ANGELI SISTEMAS DE SAUDE S.A.,PR,15414761.420000002,5138253.806666668,2739833.0243985555,3,3
HOSPITAL S.P. LTDA.,RS,15246610.370000001,5082203.456666667,2413900.6497400994,3,3
ASSOCIAÇÃO POLICIAL DE ASSISTENCIA À SAUDE DE SAO JOAO DA BOA VISTA,SP,15186245.77,5062081.923333333,2788408.9252824523,3,3
UNIMED CAMPO BELO- COOPERATIVA DE TRABALHO MÉDICO,MG,14622740.68,4874246.893333334,2380047.499242776,3,3
AME-ASSISTÊNCIA MÉDICA A EMPRESAS LTDA,MG,14510938.95,4836979.649999999,2441260.541203125,3,3
PRIMA VIDA ODONTOLOGIA DE GRUPO LIMITADA,RJ,14489221.39,4829740.463333334,2278413.7025490804,3,3
PLAMESC PLANOS DE SAÚDE LTDA,RJ,14250258.43,4750086.143333334,2316843.3126338283,3,3
PORTOMED - PORTO SEGURO SERVIÇOS DE SAUDE LTDA,SP,14157909.27,4719303.09,4663994.7005486395,3,3
CONFIANÇA ASSISTÊNCIA MÉDICO HOSPITALAR LTDA,MG,13875672.73,4625224.243333333,2528343.069770688,3,3
PRONTO SOCORRO CONDE DE MOREIRA LIMA,SP,13449626.11,4483208.703333333,2504599.601883613,3,3
UNIODONTO DE AMERICANA COOPERATIVA ODONTOLÓGICA,SP,13404862.58,4468287.526666666,2453108.7500453223,3,3
SANTA CASA DE MISERICÓRDIA DE TUPÃ,SP,13213144.239999998,4404381.413333333,2071442.103006827,3,3
ASSOCIACAO CIVIL PRÓ-SAÚDE DOS SERVIDORES DA UNIVERSIDADE ESTADUAL DE PONTA GROSSA,PR,13161770.35,4387256.783333333,2333617.140977771,3,3
ORALE ASSISTÊNCIA ODONTOLÓGICA LTDA,BA,13100420.05,4366806.683333334,2192914.872531354,3,3
SERVDONTO - PLANO DE ASSISTÊNCIA ODONTOLÓGICA LTDA,SE,12938886.719999999,4312962.239999999,2266158.1526210424,3,3
ASSOCIAÇÃO UNIVIDA SANTA RITA DO PASSA QUATRO,SP,12740293.46,4246764.486666667,2109542.3493525074,3,3
MEDIC GLOBAL PLANOS DE SAÚDE LTDA.,MG,12595330.33,4198443.443333333,2529798.182614523,3,3
COMSEDER - COOPERATIVA DE ASSISTÊNCIA MÉDICA DOS SERVIDORES DA SUPLAN E DO DER LTDA,PB,12486200.07,4162066.69,2123254.2952243513,3,3
MEDGOLD ASSISTENCIA MEDICA LTDA - ME,MG,12323662.700000001,4107887.566666667,2111928.5353137227,3,3
ASSOCIACAO POLICIAL DE ASSISTENCIA A SAUDE DE ITAPETININGA,SP,12116571.93,4038857.31,2124362.042102512,3,3
TELOS - FUNDAÇÃO EMBRATEL DE SEGURIDADE SOCIAL,RJ,11861210.63,3953736.876666667,2514534.3681989424,3,3
VOCÊ TOTAL PLANOS DE SAÚDE LIMITADA,SP,11597210.7,5798605.35,1980402.164507826,2,2
UNIODONTO UBERABA - COOPERATIVA DE ASSISTÊNCIA À SAÚDE ODONTOLÓGICA LTDA,MG,11387032.71,3795677.5700000003,2261214.4839148596,3,3
PLENUM ASSISTENCIA MEDICA  LTDA,DF,10897990.71,5448995.355,2436202.9340311643,2,2
DONA SAÚDE CLINICAS LTDA,SP,10836519.09,3612173.03,463717.3381347591,3,3
FUNDO DE ASSISTÊNCIA MÉDICO-HOSPITALAR DO MINISTÉRIO PÚBLICO,MS,10759445.38,3586481.7933333335,2302520.8004014725,3,3
NOSAMED ASSISTÊNCIA MÉDICA LTDA.,SP,10597095.86,3532365.2866666666,1904414.4228274745,3,3
UNIMED DE BATATAIS - COOPERATIVA DE TRABALHO MÉDICO,SP,10594634.16,3531544.72,1931719.503818378,3,3
PERSONAL CARE OPERADORA DE SAÚDE SA,SP,10533459.5,5266729.75,1442400.8044280421,2,2
UNIODONTO DE SOROCABA COOPERATIVA ODONTOLÓGICA,SP,10517312.31,3505770.77,1964883.8829167872,3,3
S1 OPERADORA DE PLANO DE SAÚDE LTDA,DF,10298939.370000001,3432979.7900000005,1935632.6935775217,3,3
CAIXA BENEFICENTE DOS FUNCIONÁRIOS DO GRUPO IGUAÇU,PR,10241405.53,3413801.8433333333,1583890.9786418455,3,3
ASSOCIAÇÃO POLICIAL DE ASSISTÊNCIA À SAÚDE DE BARRETOS,SP,10199327.129999999,3399775.7099999995,1689447.151518818,3,3
PLANO ASSISTENCIAL SÃO LUCAS LTDA,MG,10088027.780000001,3362675.926666667,1644056.2207408582,3,3
CARING SAÚDE ASSISTÊNCIA MÉDICA LTDA.,RJ,9729203.52,3243067.84,1751329.6722236478,3,3
UNIODONTO DE ARARAQUARA COOPERATIVA ODONTOLÓGICA,SP,9683355.260000002,3227785.0866666674,1728231.4066797951,3,3
UNIODONTO VALE HISTORICO COOPERATIVA ODONTOLOGICA,SP,9679129.96,3226376.653333334,1842827.547080339,3,3
CEDPLAN SAÚDE LTDA EPP,MG,9554508.99,3184836.33,1736147.3368286344,3,3
SEMPRE ODONTO PLANOS ODONTOLOGICOS LTDA,RJ,9553063.84,3184354.6133333333,1618613.0912609487,3,3
UNIODONTO DO SUL GOIANO COOPERATIVA ODONTOLOGICA,GO,9130767.48,3043589.16,1506236.0078357072,3,3
ASSOCIAÇÃO DOS SERVIDORES PÚBLICOS DA ADMINISTRAÇÃO DIRETA DO GOVERNO DO ESTADO DO PARÁ - ASPARÁ,PA,8821437.219999999,2940479.073333333,1509968.25962684,3,3
UNIODONTO DE JUNDIAÍ COOPERATIVA ODONTOLÓGICA,SP,8796987.219999999,2932329.073333333,1556019.3777197746,3,3
ODONTOART PLANOS ODONTOLÓGICOS LTDA,CE,8741130.030000001,2913710.0100000002,1540273.6584815243,3,3
COOPERATIVA ODONTOLÓGICA POÇOS DE CALDAS,MG,8603468.17,2867822.723333333,1395274.3388743459,3,3
UNIODONTO ESPIRITO SANTO COOPERATIVA ODONTOLOGICA,ES,8235732.2299999995,2745244.0766666667,1485405.3740884122,3,3
ASSOCIAÇÃO HOSPITAL SAÚDE DE VARGEM GRANDE DO SUL,SP,8164929.22,2721643.0733333332,1328970.0063093922,3,3
UNIODONTO MARINGA COOPERATIVA ODONTOLOGICA,PR,8121056.26,2707018.7533333334,1490647.730256826,3,3
ASSOCIAÇÃO POLICIAL DE ASSISTÊNCIA À SAÚDE DE PRESIDENTE VENCESLAU,SP,8060244.890000001,2686748.296666667,1381114.3142331569,3,3
ASSOCIAÇÃO POLICIAL DE ASSISTÊNCIA À SAÚDE DE DRACENA,SP,7759407.49,2586469.1633333336,1563747.4869509346,3,3
DENTALPAR ASSISTÊNCIA ODONTOLÓGICA EMPRESARIAL LTDA.,SP,7735498.58,2578499.526666667,1413877.6679714073,3,3
PRESERVE SAUDE ASSISTENCIA MEDICA LTDA,BA,7634368.92,2544789.64,1222046.5043304476,3,3
PLANO VIDA SAUDE SERVIÇOS ODONTOLOGICOS LTDA,SE,7579842.09,2526614.03,1468225.5509066489,3,3
SEPACO SAÚDE LTDA,SP,7485293.199999999,2495097.733333333,1363667.091827314,3,3
VALE PLANOS DE SAÚDE LTDA,PE,7301568.5600000005,2433856.186666667,1950193.8740858317,3,3
UNIODONTO DE LONDRINA COOP. ODONTOLÓGICA,PR,6996892.79,2332297.5966666667,1242411.8979402436,3,3
UNIODONTO DE PRESIDENTE PRUDENTE COOPERATIVA ODONTOLOGICA,SP,6968336.1,2322778.6999999997,840105.2930576726,3,3
AESP ODONTO ASSISTÊNCIA ODONTOLÓGICA S/S LTDA EPP,SP,6958666.08,2319555.36,1342525.2357434628,3,3
SD-M OPERADORA DE PLANOS DE SAUDE LTDA,RJ,6942231.380000001,2314077.126666667,1239616.7171122301,3,3
COOPERATIVA ODONTOLÓGICA DO ESTADO DO AMAPÁ,AP,6915264.4,2305088.1333333333,1227172.4623282973,3,3
DENTAL CENTER LTDA,PB,6807693.18,2269231.06,1181382.5375622222,3,3
RODRIGUES LEIRA ODONTOLOGIA LTDA.,SP,6705649.109999999,2235216.3699999996,1191447.925133252,3,3
PLANO DE ASSISTÊNCIA MÉDICA MINEIRA LTDA,MG,6652068.470000001,2217356.1566666667,1463246.8152576347,3,3
SAMIG - SERV. DE ASSISTENCIA MEDICA DA ILHA DO GOVERNADOR LTDA,RJ,6533908.1,2177969.3666666667,723277.0004927041,3,3
CAIXA DE ASSISTÊNCIA DOS EMPREGADOS DO SETOR PÚBLICO DO ESTADO DE GOIÁS - CAEME,GO,6517018.87,2172339.6233333335,1206465.1457661854,3,3
ASSOCIAÇÃO SAÚDE RURAL ALEGRETE,RS,6472274.949999999,2157424.983333333,1429198.602037448,3,3
UNIODONTO JACAREÍ COOPERATIVA ODONTOLÓGICA,SP,6462261.59,2154087.196666667,1165130.6338713467,3,3
CAMIM OPERADORA DE PLANO DE SAÚDE LTDA,RJ,6411527.77,2137175.9233333333,1138642.4240885142,3,3
ASSOCIACAO DOS SERVIDORES DA EMDAGRO - ASSEM,SE,6342369.03,2114123.0100000002,1113100.9590342813,3,3
ASSOCIAÇÃO POLICIAL DE ASSISTÊNCIA À SAÚDE DE JAÚ,SP,6223402.63,2074467.5433333332,866409.9828918483,3,3
ASSOCIAÇÃO POLICIAL DE ASSISTÊNCIA À SAÚDE APAS,SP,6171098.16,2057032.72,601418.0421087984,3,3
ASSOCIAÇÃO POLICIAL DE ASSISTENCIA A SAUDE DE BOTUCATU,SP,6123839.79,2041279.93,1412276.9295102945,3,3
DENTAL MASTER LTDA - EPP,AL,6039051.68,2013017.2266666666,989794.9681482235,3,3
UNIMED CAJAZEIRAS - SOCIEDADE COOPERATIVA DE TRABALHO MÉDICO,PB,5948562.85,1982854.2833333332,1073938.0313711776,3,3
HSMED SAUDE LTDA,RJ,5946681.710000001,1982227.236666667,1059357.3127752407,3,3
MH VIDA - OPERADORA DE PLANOS DE SAÚDE LTDA,RJ,5773982.0,1924660.6666666667,1131165.7421456578,3,3
BENEFICENCIA SOCIAL BOM SAMARITANO,MG,5745539.28,1915179.76,1154137.4142633167,3,3
SANTA CASA DE MISERICÓRDIA E ASILO DOS POBRES DE BATATAIS,SP,5717843.96,1905947.9866666666,896969.4414671778,3,3
ODONTOLIVE OPERADORA DE PLANOS ODONTOLÓGICOS LTDA.,SP,5460436.99,1820145.6633333333,1025557.8617942947,3,3
UNIODONTO RS FEDERACAO DAS UNIODONTOS DO RGS LTDA,RS,5367267.5600000005,1789089.1866666668,921990.8986622002,3,3
DENTAL GOLD ASSISTÊNCIA ODONTOLÓGICA LTDA.,PB,5302632.21,1767544.07,869670.3482994764,3,3
DENTAL PLUS CONVÊNIO ODONTOLÓGICO LTDA.,SP,5150569.120000001,1716856.3733333338,926712.0162607643,3,3
UNIODONTO DE SERTAOZINHO SP COOPERATIVA ODONTOLOGICA,SP,5083041.36,2541520.68,823170.5811437264,2,2
SALUSMED OPERADORA DE PLANOS DE SAUDE LTDA,SP,5024457.74,1674819.2466666668,1176218.2051945664,3,3
ODONT-OPERADORA ODONTOLOGICA LTDA,SP,4887381.52,1629127.173333333,766697.4950118392,3,3
UNIMED NORTE/NORDESTE-FEDERAÇÃO INTERFEDERATIVA DAS SOCIEDADES COOPERATIVAS DE TRABALHO MÉDICO EM RECUPERAÇÃO JUDICIAL,PB,4851281.619999999,1617093.873333333,911748.6128608978,3,3
ASSOCIAÇÃO POLICIAL DE ASSISTÊNCIA À SAÚDE - VALE DO RIBEIRA,SP,4822676.88,1607558.96,751896.7483284725,3,3
PD BRASIL ASSISTENCIA ODONTOLOGICA LTDA,MG,4694598.25,1564866.0833333333,696793.702675778,3,3
UNIODONTO DE PINDAMONHANGABA COOP ODONTOLOGICA,SP,4638634.08,1546211.36,549109.9671951265,3,3
"ASSOC DE ASSIST À SAÚDE DOS SERV DAS UNIV E INST FED, EST E/OU FAC PART EM PE",PE,4633662.43,1544554.1433333333,617412.9474783671,3,3
COOPERATIVA DE TRABALHO ODONTOLOGICO - UNIODONTO ITAJUBÁ,MG,4545201.79,1515067.2633333334,860816.5577039535,3,3
YOU ASSISTÊNCIA MÉDICA LTDA.,MG,4309234.67,4309234.67,0.0,1,1
GAMA SAUDE LTDA.,SP,4279064.3,2139532.15,661859.1031112341,2,2
CEAM BRASIL - PLANOS DE SAÚDE LTDA,MG,4262970.73,4262970.73,0.0,1,1
ASSOCIAÇÃO PADRE PIO PLANOS DE SAÚDE,SP,4207078.17,1402359.39,693097.4234620607,3,3
PREVENT SENIOR CORPORATE OPERADORA DE SAÚDE LTDA.,SP,4067514.46,1355838.1533333333,578095.7550016529,3,3
PORTO DIAS SAUDE LTDA.,PA,3945199.94,1315066.6466666667,768339.8665569632,3,3
ASSOCIAÇÃO SERVIÇOS ODONTOLÓGICOS DA INDÚSTRIA DE MINAS GERAIS - ODONTOINDUSTRIA,MG,3848443.7,1282814.5666666667,695852.0828306989,3,3
ÔNIX OPERADORA DE PLANOS DE SAÚDE LTDA,RJ,3751828.8200000003,1250609.6066666667,785993.8954247013,3,3
CENTRO DE ENDOCRINOLOGIA DE JUNDIAÍ S/S LTDA,SP,3700476.8499999996,1233492.2833333332,610822.0949569838,3,3
PLANO DE ASSISTÊNCIA ODONTOLÓGICA FAUCHARD LTDA. ME,BA,3570147.87,1190049.29,637978.8471696972,3,3
ASSOCIAÇÃO DOS FISCAIS DE TRIBUTOS ESTADUAIS DO RS - AFISVEC,RS,3311291.03,1103763.6766666665,669447.8863162581,3,3
QUALIDONTO - QUALIDADE EM ODONTOLOGIA LTDA,BA,3285732.1799999997,1095244.0599999998,677695.7177231542,3,3
HEALTH-MED SISTEMA DE SAUDE LTDA,RJ,3217637.77,1072545.9233333333,619168.3939975409,3,3
UNIODONTO DE MATO GROSSO COOP TRAB ODONTOLOGICO LTDA,MT,2848647.94,949549.3133333334,514586.70990649035,3,3
BLUZZ SAÚDE S/A,ES,2774706.65,924902.2166666667,777996.3058712299,3,3
ODONTO SEG OPERADORA DE PLANOS ODONTOLOGICOS S.A.,SP,2635324.38,878441.46,384022.13325062033,3,3
SANTA CASA DA MISERICÓRDIA DE SÃO JOÃO DEL REI,MG,2122604.05,707534.6833333332,332964.3103631075,3,3
SAME-SERVIÇO DE ASSISTÊNCIA MÉDICA EMPRESARIAL LTDA.,MA,2046916.83,682305.61,326002.9689138079,3,3
HOSPITAL DE CARIDADE SÃO VICENTE DE PAULO,PR,2026490.1400000001,675496.7133333334,32912.54491547773,3,3
INNOVA PLANO DE SAUDE LTDA,RO,1920992.87,960496.435,845800.9043505664,2,2
SISTEMA PREVSAUDE DENTAL LTDA,CE,1906012.78,635337.5933333334,311057.93101329735,3,3
NOVODENTE S/A,RS,1858605.97,1858605.97,0.0,1,1
CASA DE SAÚDE NOSSA SENHORA DE FÁTIMA  LTDA.,CE,1782120.9100000001,594040.3033333333,324392.5108046289,3,3
SORRIDEN CONVÊNIOS ODONTOLÓGICOS S.A.,SP,1757112.9500000002,585704.3166666668,279289.0498540366,3,3
CROWN ODONTOLOGIA DE GRUPO LTDA,SP,1631375.75,543791.9166666666,287324.3194655997,3,3
INFINITY SAÚDE SUPLEMENTAR LTDA,MT,1598984.71,532994.9033333333,366582.40275753994,3,3
MEDHEALTH PLANOS DE SAÚDE LTDA,PR,1484944.68,1484944.68,0.0,1,1
UNIMED INTRAFEDERATIVA FEDERAÇÃO REGIONAL SUL DE MINAS,MG,1484488.4500000002,494829.4833333334,276015.4522600748,3,3
BRASIL ODONTO OPERADORA DE PLANOS ODONTOLÓGICOS LTDA,TO,1257338.9,419112.9666666666,191347.32715278288,3,3
PLAMEDH - PLANO DE ASSISTÊNCIA MÉDICO-HOSPITALAR LTDA,MG,1087155.02,543577.51,144135.3876269953,2,2
ODONTO PRIME S/S LTDA,CE,937985.75,312661.9166666667,162963.57635988368,3,3
EXCELÊNCIA PLANO DE SAÚDE S/A,ES,801593.92,267197.9733333333,424304.9003689567,3,3
POLIMÉDICA SAÚDE SOCIEDADE SIMPLES LTDA,RS,755876.1900000001,251958.73,125017.0194742764,3,3
ODILE SERVIÇOS DE SAÚDE LTDA.,SP,731806.59,365903.295,258243.63428332796,2,2
PLANO SIGMA SAÚDE LTDA,SP,703992.95,351996.475,34588.57367901212,2,2
ASSISTÊNCIA MÉDICA 12 DE OUTUBRO LTDA,SP,696205.41,232068.47,141523.9511463639,3,3
G & M ASSESSORIA MEDICA EMPRESARIAL LTDA,RJ,674255.52,224751.84,137431.62937040257,3,3
SAUDIA ASSISTENCIA MÉDICA LTDA,MG,645586.13,215195.37666666668,153177.10090267943,3,3
CAIXA SEGURADORA ESPECIALIZADA EM SAÚDE S/A,SP,579813.38,289906.69,349479.63528977305,2,2
BEMSTAR ASSISTENCIA MEDICA LTDA,BA,523330.42000000004,174443.47333333336,44257.433202270484,3,3
ALMA ODONTO OPERADORA DE PLANOS ODONTOLOGICOS LTDA,SP,511267.24,170422.41333333333,36004.00360881181,3,3
UNIMED VALE DO URUCUIA - COOPERATIVA DE TRABALHO MEDICO LTDA,MG,505869.32,168623.10666666666,103995.4818200706,3,3
SMART CARE SISTEMAS MÉDICOS E ODONTOLÓGICOS LTDA.,SP,500806.26,250403.13,0.0,2,2
FUNDO DE ASSISTÊNCIA À SAÚDE DOS FUNCIONÁRIOS DO BEC,CE,313109.39,104369.79666666668,72567.04792001142,3,3
UNIMED ALTO PARANAIBA COOPERATIVA DE TRABALHO MEDICO,MG,241246.07,80415.35666666667,15093.66830128559,3,3
CLÍNICA SÃO GABRIEL S/S LTDA,SP,212078.78,70692.92666666667,45922.395645835306,3,3
LIVRI OPERADORA DE PLANO DE SAÚDE LTDA,SP,180751.12,60250.37333333333,41264.76595895017,3,3
SAGRADA SAÚDE ASSISTÊNCIA MÉDICA LTDA,MG,132727.15,44242.38333333333,39565.940011702405,3,3
EVO SAUDE ASSISTENCIA MEDICA LTDA,DF,93393.22,31131.073333333334,48625.73396699152,3,3
BIORAL SISTEMA ODONTOLÓGICO LTDA.,SP,75758.4,25252.8,9880.03804006341,3,3
SOCIODONTO PLANO DE ASSISTÊNCIA ODONTOLÓGICA LTDA,MG,62434.93,31217.465,35711.756232384454,2,2
SAUDE SALV ASSISTENCIA MEDICA LTDA,RO,40578.82,40578.82,0.0,1,1
UNIMED PARAIBA - FEDERAÇAO DAS SOCIEDADES COOPERATIVAS DE TRABALHO MEDICO,PB,7330.889999999999,2443.6299999999997,2163.730085269417,3,3
ARL ADMINISTRADORA DE BENEFÍCIOS LTDA.,SP,5680.0,2840.0,0.0,2,2
INTERCLINICAS PLANO VIDA USA OPERADORA DE SAUDE LTDA,SP,2848.8,2848.8,0.0,1,1
ASSOCIAÇÃO FCA SAÚDE,MG,0.34,0.17,0.0,2,2
